Category,About the Category,Product Link,Product Name,Summary,Information for Affiliates,Target Audience,Product Availability,Affliate link,,,,,,,,,,,,,,,,,
Men's Health,"Sell men our doctor-endorsed supplements for:

Increasing Muscle Mass
Sexual Enhancement
Helping with Premature Ejaculation
Increasing HGH & Testosterone
Reducing Hair Loss

Our top products in this category are VigRX Plus?, Testodren? & GenF20 Plus?.",VigRXPlus.net,VigRX Plus?,"VigRX Plus? has been one of the top-selling products for SellHealth affiliates for years. This doctor-endorsed formula smashes competing products:

Average order size: $160.77
50% commission rate
Backed by a clinical study
Sales pages for hetero & gay traffic
Sales pages in English, Spanish, Portuguese","Product Overview
For men who want bigger, harder, longer-lasting erections, there's now VigRX Plus?, our #1 best-selling male enhancement supplement.

It's a fresh twist on our already popular VigRX?, but has been designed to further enhance men's sexual functioning with the addition of three exciting new ingredients: Damiana, Tribulus, and Bioperine.

Damiana and Tribulus have been used for thousands of years by the Mayans and Europeans respectively to increase libido and treat erectile dysfunction, while Bioperine has been clinically proven to safely increase the absorption rates of the nutrients that it's combined with.

VigRX Plus? continues to be a top-earning product for SellHealth.com affiliates for two good reasons:

The marketing used is far superior to the competition, as we've methodically tested every aspect of our design, copy, and offer to convert record-breaking numbers of visitors into satisfied buyers.
It's doctor endorsed AND rated #1 for results by clients. In an industry filled with sketchy, even unsafe products, VigRX Plus? offers men proof of safety with video endorsements from REAL doctors, plus client testimonials with illustrative picture proof.
The marketing is tasteful, professional, and proven to convert traffic from an extremely wide range of websites and market spaces -- everything from general health information websites to adult oriented communities.

If you're unsure which SellHealth.com product you'd like to try promoting first, VigRX Plus? is always a good choice.

Doctor Endorsements
See how our products are backed by real doctors, unlike competitor sites with false doctor endorsements, potentially putting yourself at legal risk for adertising them. We're actually the only company out of our competition that can back up why we're the best!

Dr. Steven Lamm, M.D.
Throughout my career as doctor, researcher and author I am constantly investigating new solutions and supplements that I can share with my patients to help them improve the quality of their sex life and that is why when I found VigRX Plus? I was pleasantly surprised... Check out VigRXPlus.com for more!

Product Format
Daily supplement; each box contains 60 tablets, a one-month supply.","Suitable for men aged 21 to 60+ who wish to diminish the physical effects of aging on their sex lives, improve their erection quality and control, and enjoy a bigger appetite for sex with more intense orgasms.","VigRX Plus is available for sale in all countries with the exception of Afghanistan, Belarus, Botswana, Central African Republic, Congo, Democratic Republic of, Cuba, Egypt, Estonia, India, International, Iran, Iraq, Ireland, Japan, Lebanon, Libya, Malaysia, Mali, Mexico, Myanmar, New Zealand, North Korea, Palestine, State of, Russian Federation, Samoa, Somalia, South Africa, South Sudan, Sudan, Syrian Arab Republic, Thailand, Ukraine, Venezuela, Vietnam, Yemen, Zimbabwe.",https://www.vigrxplus.net/ct/976241,,,,,,,,,,,,,,,,,
,,Testosil.com,Testosil?,"Testosil? is our GAME CHANGING, testosterone-boosting supplement. With more ingredients than our closest competitor, Testosil? is primed to take over the affiliate space with this new offer!

Clinically-validated ingredients & dosage
Contains 12 ingredients including 300mg of KSM-66?
Comes with a lifetime guarantee","Our Top Testosterone Booster
SellHealth is excited to launch the best testosterone boosting supplement we've ever formulated.

There's no other affiliate offer that compares to Testosil?. Our product formulation is unrivaled because we use clinically-validated ingredients and dosage that actually help increase testosterone levels.

When your customers buy using your affiliate link, they'll keep re-buying once they see their results!

We've included 12 ingredients including a whopping 300mg of KSM-66? that make an incredibly powerful combination to help men increase testosterone levels.

Lifetime Guarantee
Testosil is different because it has a LIFETIME guarantee. The customer either SEES and FEELS a difference in their energy levels... at the gym... and in their body OR they simply send the bottles back (even if they're empty) for a FULL refund of the purchase price. No questions asked.

GEOs
Testosil is currently targeted to English-speaking countries.

Additional Promotion
Testosil has a video sales letter (VSL) on AlphaMaleSecret.com that's available to run with cold traffic. To run this VSL, please contact your affiliate manager for more details.","Men ages 25+ who want to increase their testosterone levels for increased muscle mass, energy, libido, and overall health.","Testosil is available for sale in all countries with the exception of Afghanistan, Belarus, Botswana, Central African Republic, Congo, Democratic Republic of, Cuba, Egypt, Estonia, Iceland, India, International, Iran, Iraq, Lebanon, Libya, Malaysia, Mali, Mexico, Myanmar, North Korea, Norway, Palestine, State of, Peru, Russian Federation, Samoa, Somalia, South Africa, South Sudan, Sudan, Syrian Arab Republic, Thailand, Ukraine, Venezuela, Yemen, Zimbabwe.",https://www.testosil.com/ct/976241,,,,,,,,,,,,,,,,,
,,GenF20Muscle.com,GenF20 Plus,Got muscle traffic? GenF20 Plus will turn that traffic into serious cash. This sales page is focused on helping men who want to naturally boost their HGH levels to pack on lean muscle mass and torch body fat.,"Product Overview
Use your affiliate link to GenF20Muscle.com for a muscle-focused sales page, targeting men who want to:

Add Lean Muscle Mass
Torch Body Fat
Increase Strength & Power
Reduce Recovery Time
GenF20 Plus is sold as tablets with a spray upsell. Use the comparison chart below to help you better sell the benefits of the tablets and spray system.","Suitable for men looking to increase lean muscle mass and strength while also boosting energy levels, promoting joint health, torching body fat and reducing recovery time.","GenF20 Plus is available for sale in all countries with the exception of Afghanistan, Belarus, Botswana, Central African Republic, Congo, Democratic Republic of, Cuba, Egypt, Estonia, Iceland, India, International, Iran, Iraq, Lebanon, Libya, Malaysia, Mali, Myanmar, North Korea, Norway, Palestine, State of, Peru, Russian Federation, Samoa, Somalia, South Africa, South Sudan, Sudan, Syrian Arab Republic, Thailand, Ukraine, Venezuela, Yemen, Zimbabwe.",https://www.genf20muscle.com/ct/976241,,,,,,,,,,,,,,,,,
,,Erectin.com,Erectin?,"Backed by a clinical study, Erectin? comes in a liquid gelcap for extended release.

Endorsed by surgeon Dr. Dave David
Rapid release liquid gel capsules for faster results
Increase nitric oxide production for rock-hard erections
High EPCs on organic male enhancement traffic","Erectin? actually WORKS, and we have the clinical studies to prove it!

A 12-week clinical study on the Erectin? formula showed that men who took this supplement experienced an increase in sex drive of nearly 50% and a 71.43% increase in sexual satisfaction.

These results have been documented in the prestigious Journal of Urology, the official journal of the American Urological Association, and published in full detail in the peer-reviewed scholarly journal, BMC Complementary and Alternative Medicine.

The Erectin? formula includes:

Muira Puama Bark Extract - The Ancient ""Little Blue Pill"" of the Amazon Rainforest
Chinese Hawthorn - The Powerful ""Shan Zha"" Vasodilator
Tribulus Terrestris Seed Extract - The Incredibly Thorny Libido Booster
Catuaba Bark - The ""Tupi"" Secret for Unmatched Sexual Prowess
Saw Palmetto - The Testosterone Boosting Berries
Damiana Leaf - A Powerful Tonic for Boosting Sexual Performance
Ginkgo Biloba Extract - Immediate Blood Flow
Korean Red Ginseng - The Legendary Nitric Oxide Booster
Cuscuta Chinensis - A ""Parasitic"" Aphrodisiac Exploding with High-Powered Phytochemicals
Epimedium - Special ""Grass"" Improves Erection Function
Bioperine Black Pepper - The Most Trusted Supplement ""Supercharger"" for Superior Results
This powerhouse of ingredients are not only going to make buyers you refer with your affiliate link happy... It'll keep them coming back to you for more!

For social proof, be sure to leverage the endorsement by Dr. Dave David, a world renowned surgeon that has made appearances on CNN, The Fox News Channel and also has been a guest on dozens of talk shows, including The Jenny Jones Show, NBC's Alive and Wellness, The Food Network and others.

Compliance Note: Resellers are NOT permitted to purchase Erectin. This offer is for affiliates only. Individuals who are caught reselling Erectin will be banned from the SellHealth platform, and all commissions will be revoked.",,"Erectin is available for sale in all countries with the exception of Afghanistan, Belarus, Botswana, Brazil, Central African Republic, Congo, Democratic Republic of, Cuba, Egypt, Estonia, Iceland, India, International, Iran, Iraq, Ireland, Lebanon, Libya, Malaysia, Mali, Mexico, Myanmar, North Korea, Norway, Palestine, State of, Peru, Russian Federation, Samoa, Somalia, South Africa, South Sudan, Sudan, Syrian Arab Republic, Thailand, Ukraine, Venezuela, Yemen, Zimbabwe.",https://www.erectin.com/ct/976241,,,,,,,,,,,,,,,,,
,,Semenax.com,Semenax?,"Semenax? is for men who want to increase their semen volume for bigger, more intense orgasms:

Average order size: $131.03
40% commission rate
Backed by a clinical study
Sales pages for hetero & gay traffic
Sales pages in English, Spanish, French, Arabic","Product Overview
There are a number of reasons why men actively seek to increase the volume of their ejaculations:

Bigger, more intense orgasms; increased fertility; visual appeal, and more.

So at our clients request, we had our team of sexual health scientists and professionals use the very latest in medical science, research, and testing to formulate Semenax?.

This daily supplement is a 100% safe, propriety combination of amino acids plus potent herbal concentrates, all proven over decades to stimulate sexual activity and increase semen and sperm production in the testes.

Semenax? makes larger volumes of fluid and sperm available for each orgasm, which in turn means more contractions to release it all -- with stronger, more pleasurable orgasms.

And increased sperm production naturally results in increased fertility!

But that's not all. Semenax? customers also report overall increased libido and even increased erectile hardness.

It's the perfect complement to VigRX Plus?, and VigRX Oil.

And with extremely limited competition and sizeable consumer demand, it's an innovative product that allows you to approach the male enhancement market from a unique perspective.

Product Format
Daily supplement; each bottle contains 120 capsules, a one-month supply.",Suitable for men aged 21 to 60+ who wish to increase their sexual pleasure with more intense orgasms and/or increase their fertility.,"Semenax is available for sale in all countries with the exception of Afghanistan, Bangladesh, Belarus, Belgium, Botswana, Central African Republic, Congo, Democratic Republic of, Cuba, Egypt, Estonia, France (European Territory), Iceland, India, International, Iran, Iraq, Lebanon, Libya, Malaysia, Mali, Mexico, Myanmar, North Korea, Norway, Palestine, State of, Peru, Russian Federation, Samoa, Somalia, South Africa, South Sudan, Sudan, Syrian Arab Republic, Thailand, Ukraine, United Arab Emirates, Venezuela, Yemen, Zimbabwe.",https://www.semenax.com/ct/976241,,,,,,,,,,,,,,,,,
,,ErectinGummies.com,Erectin?,Erectin? Male Enhancement Gummies are designed to help men perform on-demand with confidence in the bedroom. That's because this award winning formula significantly boosts blood flow within 30 minutes and improves blood flow circulation for 24 hours helping produce harder erections when the mood strikes.,"Product Overview
Did you know 1 out of every 3 men struggle with erection problems in the USA? That?s HUGE. It means over 40,000,000 Americans are suffering from frustrating sexual issues. Bedroom problems that are ruining sex lives and sadly, destroying marriages every single day.

So what's the main cause of erection and sexual performance problems?

Low nitric oxide.

We've created Erectin? Male Enhancement Gummies with a 100% Rapid-Erection Breakthrough Formula Made With Beets & Six EXTRA Nitric Oxide Boosting Ingredients that are Scientifically Proven to Boost Blood Flow in 30 Minutes giving men the chance to rock those erections they haven't had since their early 20s.

Another amazing part about Erectin? Gummies is that it could also help boost your libido because studies show beets improve 24-hour blood flow circulation which is critical for shifting your sex drive into TOP GEAR!

Keyword Suggestions
Please review the SellHealth keyword list for suggestions.

Top keywords will include: Male Enhancement Gummies, Penis Enlargement Gummies, Male Enhancement Supplements, Nitric Oxide Booster, Nitric Oxide Support Gummies.

Ingredients
Beet Root
Grape Seed Extract
L-Citrulline
L-Arginine
Vitamin C
Vitamin B12
Niacin
Product Format
Daily supplement; Take 2 gummies daily. Each bottle contains 60 gummies, a one month supply.","Suitable for men aged 30+ who want to improve their erections and sex drive, increase blood flow, improve cardiovascular health, and boost nitric oxide levels.","Erectin Male Enhancement Gummies is available for sale in all countries with the exception of Afghanistan, Belarus, Botswana, Central African Republic, Congo, Democratic Republic of, Cuba, Egypt, Estonia, Iceland, India, International, Iran, Iraq, Lebanon, Libya, Malaysia, Mali, Mexico, Myanmar, North Korea, Norway, Palestine, State of, Peru, Russian Federation, Samoa, Somalia, South Africa, South Sudan, Sudan, Syrian Arab Republic, Thailand, Ukraine, Venezuela, Yemen, Zimbabwe.",https://www.erectingummies.com/ct/976241,,,,,,,,,,,,,,,,,
,,DIM3X.com,DIM 3X?,"DIM 3X? helps men to reduce the amount of active estrogen in their bodies. Help men lower estrogen levels, boost mood, focus, strength, and stamina!","DIM 3X? is an all-natural estrogen metabolizer that helps men to balance their hormones for optimal physical performance. This product has been specially formulated to help men reduce their active estrogen levels.

There are four key ingredients in DIM 3X? - Vitamin E, DIM, Astragin, and BioPerine.

This combination of ingredients help men:

Lowers Estrogen Levels
Supports Testosterone Production
Blocks Aromatase Enzyme
Boost Strength & Stamina
Enhances Mood & Focus
You see, DIM 3X? works by converting bad estrogen (2-hydroxyestrone) into good estrogen (16-alpha-hydroxy-estrone) metabolites.

By blocking the aromatase enzymes, it helps reduce testosterone from converting into estrogen, which is key for hormone balance.

DIM 3X? provides extra hormone support for optimal testosterone levels.

High estrogen levels can make a man feel drained, fat and miserable.

Thankfully, DIM 3X? is here to help men over age 40 with hormone issues. That's because studies show DIM could help reduce estrogen levels. And with the proper balance of estrogen you could improve your overall well-being.

Product Format

Daily supplement; each bottle contains 90 capsules.","Suitable for men aged 30 to 60+ who wish to diminish the physical effects of aging on their testosterone levels to reduce fat, increase lean muscle mass, improve their strength, energy, and libido.","PrimeGENIX DIM3X is available for sale in all countries with the exception of Afghanistan, Belarus, Botswana, Central African Republic, Congo, Democratic Republic of, Cuba, Egypt, Estonia, Iceland, India, International, Iran, Iraq, Lebanon, Libya, Malaysia, Mali, Mexico, Myanmar, North Korea, Norway, Palestine, State of, Peru, Russian Federation, Samoa, Somalia, South Africa, South Sudan, Sudan, Syrian Arab Republic, Thailand, Ukraine, Venezuela, Yemen, Zimbabwe.",https://www.dim3x.com/ct/976241,,,,,,,,,,,,,,,,,
,,Testodren.com,Testodren?,"Promote this clinically-tested, patented formula of this all-natural testosterone boosting supplement. As men hit age 30, their testosterone levels begin to decline. Help men increase their strength, optimize energy, and boost libido with Testodren?!","Product Overview
Download our Testodren Product Guide to review key selling points.

The Testodren? formula is an all-natural, U.S. patented compound designed to increase testosterone levels in men over 30.

Testodren? is a single-ingredient formula. It contains 500 mg of a 100% natural, U.S. patented compound, derived from the Fenugreek herb (Trigonella foenum-graecum).

Increase Daily Energy Levels
Better Workouts
Build Muscle Faster
Reduce Body Fat
More Focus
More Motivation & Drive
Better Sex
The Testodren? formula increased free testosterone 72.87% in just 12 weeks!

Product Format
Daily supplement; each bottle contains 30 capsules, a one-month supply.","Suitable for men aged 30 to 60+ who wish to diminish the physical effects of aging on their testosterone levels to reduce fat, increase lean muscle mass, improve their strength, energy, and libido.","PrimeGENIX Testodren is available for sale in all countries with the exception of Afghanistan, Belarus, Botswana, Central African Republic, Congo, Democratic Republic of, Cuba, Egypt, Estonia, Iceland, India, International, Iran, Iraq, Lebanon, Libya, Malaysia, Mali, Mexico, Myanmar, North Korea, Norway, Palestine, State of, Peru, Russian Federation, Samoa, Somalia, South Africa, South Sudan, Sudan, Syrian Arab Republic, Thailand, Ukraine, Venezuela, Yemen, Zimbabwe.",https://www.testodren.com/ct/976241,,,,,,,,,,,,,,,,,
,,CalmLean.com,CalmLean?,Are you looking for a doctor-recommended weight loss supplement to promote? Help men boost their metabolism to burn fat faster stimulant-free with CalmLean?!,"CalmLean is an offer that affiliates can promote with confidence because this twice-patented formula works!

Recommended by doctors, CalmLean is a non-stimulant fat burner.

Most fat burners on the market have nasty side effects like a rapid heartbeat due to all the stimulants that manufacturers place in them. You won't find that with CalmLean.

Just as the name suggests, CalmLean will help men burn fat faster without using stimulants.

Backed by our PrimeGENIX Team Doctor, Caleb Redden, DO - CalmLean is a supplement that is an outstanding complement to the other products in the PrimeGENIX brand.

Keyword Suggestions
Please review the SellHealth keyword list for suggestions.

Top keywords will include: best fat burner for men, fat burning supplements, best fat burner supplements, best weight loss pills for men, best weight loss supplements for men, fat burner non stim

Doctor Endorsement
Kaleb N. Redden, DO

Team Doctor for PrimeGENIX
Sports Medicine Physician for Olympic, Professional & Semi-Professional Athletes
Certified Ring-Side Physician & Combat Sports Medicine Specialist (for both UFC & Bellator)
As a fitness and nutrition specialist with over 20 years of personal training experience, Dr. Redden plays a key role in helping PrimeGENIX offer superior formulas.

Along with his seemingly endless list of highly-respected credentials (DO, ABFP, CAQSM, CRP), Dr. Redden also works closely with Olympic, professional and semi-professional athletes.

You may have heard about Dr. Redden (a.k.a. ""Doc Thor"") from his popular appearance on NBC's hit TV show: The Titan Games (hosted by The ""Rock"" Dwayne Johnson). Or, you may have seen him during a UFC or Bellator (MMA) event (because he's also a certified ring-side physician and combat sports medicine specialist).

CalmLean's Ingredients
Chromium (as Chromium Picolinate) - 200mcg
ForsLean? (Coleus Forskohlii (root) extract-10% Forskolin) - 500mg
Cayenne Pepper (Capsicum Annuum) (fruit) Powder - 100mg
BioPerine? (Black Pepper (Piper Nigrum) (seed) extract - 95% Piperine) - 5mg
Product Format
Daily supplement; each box contains 60 capsules, 30 servings per container, a one-month supply.",Suitable for men aged 40+ who wish to boost their metabolism & burn fat faster without the nasty side effects of supplements with stimulants.,"PrimeGENIX Calmlean is available for sale in all countries with the exception of Afghanistan, Belarus, Botswana, Central African Republic, Congo, Democratic Republic of, Cuba, Egypt, Estonia, Iceland, India, International, Iran, Iraq, Lebanon, Libya, Malaysia, Mali, Mexico, Myanmar, North Korea, Norway, Palestine, State of, Peru, Russian Federation, Samoa, Somalia, South Africa, South Sudan, Sudan, Syrian Arab Republic, Thailand, Ukraine, Venezuela, Yemen, Zimbabwe.",https://www.calmlean.com/ct/976241,,,,,,,,,,,,,,,,,
,,CortiSync.com,CortiSync?,"CortiSync? is a supplement that helps to reduce cortisol, the stress hormone that causes the body to hold on to belly fat. The formula stack in CortiSync? is clinically proven to balance cortisol to help men lose weight.","Cortisol is a stress hormone that can be a major contributor to weight gain.

Too much cortisol causes the body to hold onto body fat, so regardless of how much someone exercises or controls caloric intake, they still may not lose weight.

CortiSync is SellHealth's solution to help men control their weight by helping them regulate the amount of cortisol in their body.

Keyword Suggestions
Please review the SellHealth keyword list for suggestions.

Top keywords will include: reduce cortisol, supplements to reduce cortisol, best supplements to reduce cortisol, supplements to lower cortisol, supplements to reduce cortisol and belly fat, reduce cortisol levels

Doctor Endorsement
Kaleb N. Redden, DO

Team Doctor for PrimeGENIX

Sports Medicine Physician for Olympic, Professional & Semi-Professional Athletes

Certified Ring-Side Physician & Combat Sports Medicine Specialist (for both UFC & Bellator)

As a fitness and nutrition specialist with over 20 years of personal training experience, Dr. Redden plays a key role in helping PrimeGENIX offer superior formulas.

Along with his seemingly endless list of highly-respected credentials (DO, ABFP, CAQSM, CRP), Dr. Redden also works closely with Olympic, professional and semi-professional athletes.

You may have heard about Dr. Redden (a.k.a. ""Doc Thor"") from his popular appearance on NBC's hit TV show: The Titan Games (hosted by The ""Rock"" Dwayne Johnson). Or, you may have seen him during a UFC or Bellator (MMA) event (because he's also a certified ring-side physician and combat sports medicine specialist).

CortiSync's Ingredients
Sensoril-Ashwagandha Root Extract - 300mg
Lemon Balm Powder - 150mg
Lichi Extract - 120mg
L-Theanine - 100mg
Holy Basil extract - 100mg
Magnolia bark extract - 100mg
Rhodiola root extract - 50mg",Suitable for men aged 40+ who wish to diminish the physical effects of cortisol to help improve weight loss.,"PrimeGENIX Cortisync is available for sale in all countries with the exception of Afghanistan, Belarus, Botswana, Central African Republic, Congo, Democratic Republic of, Cuba, Egypt, Estonia, Iceland, India, International, Iran, Iraq, Japan, Lebanon, Libya, Malaysia, Mali, Mexico, Myanmar, North Korea, Norway, Palestine, State of, Peru, Russian Federation, Samoa, Somalia, South Africa, South Sudan, Sudan, Syrian Arab Republic, Thailand, Ukraine, Venezuela, Yemen, Zimbabwe.",https://www.cortisync.com/ct/976241,,,,,,,,,,,,,,,,,
,,PrimeGENIXBoneComplex.com,PrimeGENIX?,"PrimeGENIX? has created a revolutionary bone-support formula for men called Bone Complex. It?s tailor-made to deliver a full-spectrum of bone support to the male skeletal structure. Plus, this formula is all-natural without any reported negative side effects so you can naturally strengthen the bones in your wrists, hip, spine and entire body - giving you the confidence to ""GO HARD"" in any sport or outdoor activity you enjoy!","Product Overview
A Comprehensive Bone Support Breakthrough For Aging Men Who Want To Stay Active

PrimeGENIX? Bone Complex is a one of a kind formula delivering a FULL-SPECTRUM of bone health support, specifically designed for men.

Our easy to use formula is made with TEN powerful nutrients shown to improve bone health - so you can increase bone density, reduce bone loss and protect against fractures NATURALLY - this way you might find yourself forgetting about bone worries while focusing more on enjoying your life like you deserve!

PLUS... our one-of-a-kind formula provides you with MCHA - a superior-absorbing type of calcium LOADED with special bone-building nutrients clinically proven to improve bone health. As you'll soon see, our 100% natural formula will help you feel confident that you?re nourishing your bones with EVERYTHING you need to build stronger bones as you age.

Keyword Suggestions
Top keywords will include: Bone Health Supplements, Vitamin for Bones, Bone & Joint Vitamins, Bone Supplements.

Ingredients
MCHA
Magnesium
Boron
Phosphorus
Copper
Manganese
Vitamin C
Zinc
Vitamin D3
Vitamin K
Product Format
Daily supplement; Take 1 to 6 capsules daily. Each bottle contains 120 capsules.","Suitable for men aged 30+ who want to improve their bone health, bone density, minimize bone loss, lower risk of fractures and increase bone mineralization.","PrimeGENIX Bone Complex is available for sale in all countries with the exception of Afghanistan, Belarus, Botswana, Central African Republic, Congo, Democratic Republic of, Cuba, Egypt, Estonia, Iceland, India, International, Iran, Iraq, Lebanon, Libya, Malaysia, Mali, Mexico, Myanmar, North Korea, Norway, Palestine, State of, Peru, Russian Federation, Samoa, Somalia, South Africa, South Sudan, Sudan, Syrian Arab Republic, Thailand, Ukraine, Venezuela, Yemen, Zimbabwe.",https://www.primegenixbonecomplex.com/ct/976241,,,,,,,,,,,,,,,,,
,,ProExtender.com,ProExtender?,"ProExtender? is a penis lengthening device that has been recommended by urologists & reviewed by several clinical studies. Using the traction method, this device helps men increase their penis size. We revised this offer in 2021 to increase average order size & customer value.","Product Overview
We're excited to offer one of the male enhancement industry's top-performing products: The ProExtender.

This penis extender uses the ""Traction Method"", a clinically-documented way to achieve permanent penis enlargement.

Our physician-approved medical-grade device has helped over 500,000 men permanently enlarge their penis.

Target penis enlargement-related keywords via SEO and PPC advertising and watch the cash roll in!

We recently overhauled this offer from top to bottom with new product packages for INCREASED commissions.

Earn 40% commissions on each sale of the following packages:

Basic Package: $149.00
Deluxe Package: $249.00
Ultimate Package: $497.00
Our new product packages include product bonuses, including private coaching from one of the top male enhancement coaches on the Internet - AJ Alfaro.

Download our ProExtender Affiliate Product Guide to learn more.

Contact your affiliate manager if you need help sourcing content or additional keyword research.

All countries allowed except: Afghanistan, Botswana, Canada, Cuba, Egypt, Estonia, Iceland, India, Iran, Iraq, Lebanon, Mexico, Myanmar, North Korea, Norway, Samoa, South Africa, Sudan, Syria, Venezuela",,"ProExtender is available for sale in all countries with the exception of Afghanistan, Belarus, Botswana, Central African Republic, Congo, Democratic Republic of, Cuba, Egypt, Estonia, Iceland, India, International, Iran, Iraq, Lebanon, Libya, Malaysia, Mali, Mexico, Myanmar, North Korea, Norway, Palestine, State of, Peru, Russian Federation, Samoa, Somalia, South Africa, South Sudan, Sudan, Syrian Arab Republic, Thailand, Ukraine, Venezuela, Yemen, Zimbabwe.",https://www.proextender.com/ct/976241,,,,,,,,,,,,,,,,,
,,HyperGH14x.com,HyperGH 14x?,"For greater lean muscle mass, less body fat and a natural boost in the weight room, HyperGH 14x? takes the male physique to new levels of performance and even sex appeal. Muscle often turns to flab, and a once impressive body becomes mediocre with age. But your clients don't have to go out like that. Giv'em HyperGH 14x? for a natural edge, more muscle and soaring confidence!","Attention: No affiliate shall make reference to the products SeroVital, GF-9, Thrive, or any other product from Basic Research LLC or SanMedica International LLC.
HyperGH 14x?
A Natural Edge For More Muscle!
For lean, hard muscle, less body fat, an extra boost in the gym and a natural way to supercharge your workouts, HyperGH 14x? is gonna rock the world of body building.

We're not talking about steroids or synthetic HGH either. We're talking about your body's own HGH, secreted naturally in sync with your circadian rhythm, to maximize energy, recovery and growth of lean, hard muscle.

We're talking HyperGH 14x?, formulated to naturally supercharge the body with the energy to pack on that sexy muscle that guys want and women lust for. We've designed it to produce:

more lean muscle mass
less body fat
a natural energy boost
better results from similar training efforts
faster recovery time
We're very excited about HyperGH 14x? because it's got a huge demographic. All men, aged 21 and higher, who want that lean muscle can benefit from that extra, natural kick in the weight room.

Younger men will enjoy that it's a safe and legal way to jump-start their muscle tone. And baby boomers will love that it's formulated for natural secretion of HGH, and with that, may stimulate that muscle tone, reduce flab and morph a fading physique into that of a fit, sexy senior!

Product Format:
An oral supplement and an oral spray with Alpha-GPC; both taken/administered twice, and two times each day (four tablets and four sprays daily).","Men age 21 and higher who want a natural boost to their workouts, more muscle tone, less body fat and the sex appeal of a sculpted physique.","HyperGH14x is available for sale in all countries with the exception of Afghanistan, Belarus, Botswana, Central African Republic, Congo, Democratic Republic of, Cuba, Egypt, Estonia, Iceland, India, International, Iran, Iraq, Lebanon, Libya, Malaysia, Mali, Mexico, Myanmar, North Korea, Norway, Palestine, State of, Peru, Russian Federation, Samoa, Somalia, South Africa, South Sudan, Sudan, Syrian Arab Republic, Thailand, Ukraine, Venezuela, Yemen, Zimbabwe.",https://www.hypergh14x.com/ct/976241,,,,,,,,,,,,,,,,,
,,ProsolutionPlus.com,ProSolution Plus,"Want a near-monopoly on a problem that affects up to 30% of guys? ProSolution Plus is clinically proven to improve premature ejaculation by up to 64%. What's more, it's one of the VERY FEW natural supplements available for guys with this devastating issue. You help'em out and make piles of cash while you do it!","Product Overview
ProSolution Plus is Clinically Proven to Improve Premature Ejaculation By Up to 64%

Play your cards right and ProSolution Plus could make you rich. Here's why:

Roughly 30% of guys struggle with premature ejaculation. And it bothers them - a study published in The Journal of Sexual Medicine reveals that guys with premature ejaculation are more likely to say they're 'personally' or 'extremely distressed'.

Yet solutions for this problem are very hard to find. Hard...but not impossible. See, the makers of ProSolution Pills have tested and launched a new product with encouraging stats, including:

64% improvement in premature ejaculation
67% improvement in erectile quality
48% improvement in sexual function
78% improvement in overall sexual satisfaction
The product is ProSolution Plus, an all-natural and doctor-approved way to address this devastating issue - discreetly - and enjoy more sex and satisfaction with it.

And the competition? Let's just say that it's VERY LOW. ProSolution Plus is one of the ONLY major enhancement products that are proven to help guys naturally address premature ejaculation.

Put another way, you've got close to a monopoly with ProSolution Plus - which is also a top-rated male libido supplement - offering guys a discreet, non-prescription vehicle to regain their confidence.

The rewards will be huge: great conversions, repeat sales and a highly lucrative niche that could have you living the good life very quickly!

Product Format
Daily supplement; each box contains 60 tablets, a one-month supply.","Men age 21+ who want a rewarding sex life, with less premature ejaculation, erectile issues and higher overall quality of life.","ProSolution Plus Pills is available for sale in all countries with the exception of Afghanistan, Belarus, Botswana, Central African Republic, Congo, Democratic Republic of, Cuba, Egypt, Estonia, Iceland, India, International, Iran, Iraq, Lebanon, Libya, Malaysia, Mali, Mexico, Myanmar, North Korea, Norway, Palestine, State of, Peru, Russian Federation, Samoa, Somalia, South Africa, South Sudan, Sudan, Syrian Arab Republic, Thailand, Ukraine, Venezuela, Yemen, Zimbabwe.",https://www.prosolutionplus.com/ct/976241,,,,,,,,,,,,,,,,,
,,ErectinGel.com,Erectin? Gel,"Erectin? Gel is made with four erection-hardening compounds and absorption enhancers. This gel is made with the goal of helping men:

Improve Erectile Function
Improve Sexual Desire
Improve Orgasmic Function
Intercourse Satisfaction","Product Overview
Want to give your affiliate income an INSTANT boost?

Start promoting VigRX Oil? in conjunction with any of our top-rated male enhancement supplements, VigRX Plus?, VigRX? or VigRX? Delay Spray.

It's the perfect complement, because unlike oral supplements which can take up to 30 to 60 days to fully kick into gear, with VigRX Oil?, there's no waiting for results.

This clinically proven formula instantly intensifies every aspect of men's sexual performance and pleasure. No prescriptions are required, and there are no unpleasant side effects.

It's a break-through formulation that includes botanical extracts, vitamin complexes, and antioxidants that go straight into the tissues of the penis for fast, targeted, immediate results.

It's even condom compatible... non-greasy... contains NO artificial colors or fragrance... NO petrochemicals... and it's even great for oral sex!

And how many men's lubes can claim they're DOCTOR ENDORSED! That's right, VigRX Oil? has earned approval and accolades from a number of well-respected medical professionals, with their written and video endorsements featured on the VigRX Oil? site!

VigRX Oil? is frequently offered as an upsell for various male enhancement products in the SellHealth.com network.

So whether you choose to promote it as a frontend product, or simply mention it to ensure increased sales on the BACKEND via *our* scientifically tested and proven upsells, you're guaranteed to earn generous commissions either way!

Product Format
Tube of topical male enhancement oil to be applied daily and prior to sex to increase overall pleasure and performance.",,"Erectin Gel is available for sale in all countries with the exception of Afghanistan, Belarus, Botswana, Central African Republic, Congo, Democratic Republic of, Cuba, Egypt, Estonia, Iceland, India, International, Iran, Iraq, Lebanon, Libya, Malaysia, Mali, Mexico, Myanmar, North Korea, Norway, Palestine, State of, Peru, Russian Federation, Samoa, Somalia, South Africa, South Sudan, Sudan, Syrian Arab Republic, Thailand, Ukraine, Venezuela, Yemen, Zimbabwe.",https://www.erectingel.com/ct/976241,,,,,,,,,,,,,,,,,
,,GenF20.com,GenF20 Plus?,"GenF20 Plus? is the #1 rated HGH Releaser available on the market today, targeting those who wish to fight aging and restore youthful appearance and vitality. It's a clear winner in the anti-aging market space where there are imposters abound; GenF20 Plus? stands out not only because it's safe, affordable, and doctor endorsed -- but because it's also enthusiastically recommended by clients.","Attention: No affiliate shall make reference to the products SeroVital, GF-9, Thrive, or any other product from Basic Research LLC or SanMedica International LLC.
Product Overview
GenF20 Plus? is the #1 rated HGH Releaser available on the market today, targeting those who wish to fight aging and restore youthful appearance and vitality.

It's a clear winner in the anti-aging market space where there are imposters abound; GenF20 Plus? stands out not only because it's doctor endorsed -- but because it's enthusiastically recommended by clients.

As you age, your HGH (human growth hormone) levels begin to drop off.

And as science has proven, this decrease in HGH directly correlates to how rapidly your body begins to age, affecting everything from your appearance (sagging, wrinkles) to your muscle tone, fat retention, memory, sex drive, energy levels, and more!

GenF20 Plus? helps your body to safely and naturally restore the HGH levels of your youth, literally REVERSING aging, all without costly and potentially dangerous injections of synthetic HGH.

It's a dietary supplement known as an ""HGH Releaser"" that contains a special, scientifically formulated combination of amino acids, nutrients, and peptides...

... All designed to kick start your pituitary gland into NATURALLY releasing more of your own HGH!

Benefits can include a more youthful appearance, increased muscle tone, fat loss, increased metabolism, a super-charged sex drive, boundless energy, and more.

For the vast majority of individuals, invasive surgeries and expensive anti-aging injections are simply out of the question. Yet they're still seeking an anti-aging solution...

... Safe, affordable, and doctor endorsed as a 100% natural HGH Releaser, GenF20 Plus? presents an exciting income opportunity for affiliates interested in the anti-aging market space.

Doctor Endorsements

See how our products are backed by real doctors, unlike competitor sites with false doctor endorsements, potentially putting yourself at legal risk for adertising them. We're actually the only company out of our competition that can back up why we're the best!

Dr. Steven Lamm, M.D.
Throughout my career as a doctor, researcher and author, I am constantly investigating new solutions and supplements that I can share with my patients to help them improve the quality of their life as they age, and that is why I want to introduce you to GenF20 Plus, a powerful, all-natural human growth hormone releaser.

Product Format
Daily supplement; each box contains 120 tablets, a one-month supply.","Suitable for both men and women aged 21 to 60+ who wish to reverse the effects of aging to enjoy a more youthful appearance, increased energy, weight loss, improved sex drive, and more.","GenF20 Plus is available for sale in all countries with the exception of Afghanistan, Belarus, Botswana, Central African Republic, Congo, Democratic Republic of, Cuba, Egypt, Estonia, Iceland, India, International, Iran, Iraq, Lebanon, Libya, Malaysia, Mali, Myanmar, North Korea, Norway, Palestine, State of, Peru, Russian Federation, Samoa, Somalia, South Africa, South Sudan, Sudan, Syrian Arab Republic, Thailand, Ukraine, Venezuela, Yemen, Zimbabwe.",https://www.genf20.com/ct/976241,,,,,,,,,,,,,,,,,
,,VolumePills.com,Volume Pills,"Like Semenax, Volume Pills is a potent formulation designed to help men increase the volume of their ejaculation for bigger, more intense orgasms, increased fertility, and visual appeal. And although it converts extremely well as a standalone enhancement product, it also works extremely well when used in combination with ProSolution Pills.","Product Overview
There are a number of reasons why men actively seek to increase the volume of their ejaculations including bigger, more intense orgasms, increased fertility and more visual appeal with a ""stronger finish"".

And with a track record spanning almost a decade, Volume Pills has strong brand recognition and a loyal following in the male sexual enhancement industry.

Volume Pills is a 100% safe, propriety combination of potent herbal concentrates, all proven over decades to stimulate sexual activity and increase semen production in the testes.

Volume Pills makes larger volumes of fluid and sperm available for each orgasm, which in turn means more contractions to release it all -- with stronger, more pleasurable orgasms.

It's the perfect complement to ProSolution Pills and ProSolution Gel.

This is a terrific niche market with high demand for related search terms and limited competition. So if you already have a website promoting male enhancement products, by simply adding both Volume Pills and Semenax under a ""Volume Enhancer"" category, you will make more money!

Product Format
Daily supplement; each box contains 60 tablets, a one-month supply.",Suitable for men aged 21 to 60+ who wish to increase their sexual pleasure with more intense orgasms and/or increase their fertility.,"Volume Pills is available for sale in all countries with the exception of Afghanistan, Belarus, Belgium, Botswana, Central African Republic, Congo, Democratic Republic of, Cuba, Egypt, Estonia, Iceland, India, International, Iran, Iraq, Lebanon, Libya, Malaysia, Mali, Mexico, Myanmar, North Korea, Norway, Palestine, State of, Peru, Russian Federation, Samoa, Somalia, South Africa, South Sudan, Sudan, Syrian Arab Republic, Thailand, Ukraine, Venezuela, Yemen, Zimbabwe.",https://www.volumepills.com/ct/976241,,,,,,,,,,,,,,,,,
,,TestRX.com,TestRX? ,"Want to make money off the muscle crowd? Push TestRX? - it's a natural testosterone booster that helps guys smash through barriers in the gym and get bigger muscles, more energy and even better virility!","TestRX?
Boosts Testosterone
For Guys Who Want Bigger Muscles!
Product Overview:
Sex and muscles. That's not a hard sell, and it's the main reason why TestRX? natural bodybuilding testosterone supplement could make your pockets very heavy.

TestRX? boosts testosterone naturally. This helps with protein synthesis and helps guys:

Have Bigger Muscle Growth
Get More Energy
Recover Faster
Smash Through Barriers
Get a Head-Turning Body!
You can also mention that TestRX? has ZMA - zinc monomethionine aspartate, magnesium aspartate and vitamin B6 (pyridoxine), which helped NCAA football players 'significantly' boost HGH and testosterone in a clinical study.

And the part about how TestRX? can get your clients more sex?

Studies on the ingredients in TestRX? show they increase male virility in addition to building muscles (because it increases testosterone). Yet they'll have the body to attract more women with TestRX? , be it their married partner or for a little fun if they're unattached.

Your angle - sell TestRX? as the natural bodybuilding supplement guys can use to boost testosterone naturally and bust through barriers to bigger muscle growth.

Your clients get bigger and look like alpha dogs as a result - and YOU will get a whole lot richer thanks to TestRX? and its winning formula!

Product Format:
Each box contains 120 capsules of TestRX? and lasts one month.",Men age 21+ who are active and want bigger muscles and ongoing athletic potential without needles.,"TestRX 120 is available for sale in all countries with the exception of Afghanistan, Belarus, Botswana, Central African Republic, Congo, Democratic Republic of, Cuba, Egypt, Estonia, Iceland, India, International, Iran, Iraq, Lebanon, Libya, Malaysia, Mali, Mexico, Myanmar, North Korea, Norway, Palestine, State of, Peru, Russian Federation, Samoa, Somalia, South Africa, South Sudan, Sudan, Syrian Arab Republic, Thailand, Ukraine, Venezuela, Yemen, Zimbabwe.",https://www.testrx.com/ct/976241,,,,,,,,,,,,,,,,,
,,BuyExtenze.com,Extenze?,"With over one billion pills sold, Extenze? is one of the most well-known male enhancement supplements. These gel caps are formulated for extended-release and are an excellent product to promote as an alternative to VigRX Plus.","Product Overview
While results vary, studies typically report that 55-75% of men are dissatisfied with the size of their penis.

Extenze? aims to help men increase their overall sexual confidence and enjoyment by enhancing their erection size while also improving their overall orgasm quality and control.

Its all-natural formulation makes it an affordable, SAFE alternative to prescription drugs. (No embarrassing or inconvenient trips to the doctor are required.)

And it comes in a once-a-day formula, making it more convenient than the majority of male enhancement supplements on the market today which require that you take 2-3 capsules per day.

Get started promoting Extenze? today with any of the professionally designed marketing collateral included below!

Product Format
Each package contains 30 soft gelcaps, a one-month supply.","Suitable for men aged 21 to 60+ who wish to diminish the physical effects of aging on their sex lives, improve their erection quality and control, and enjoy a bigger appetite for sex with more intense orgasms.","Extenze is available for sale in all countries with the exception of Afghanistan, Belarus, Botswana, Canada, Central African Republic, Congo, Democratic Republic of, Cuba, Egypt, Estonia, France (European Territory), Iceland, India, International, Iran, Iraq, Lebanon, Libya, Malaysia, Mali, Mexico, Myanmar, North Korea, Norway, Palestine, State of, Peru, Russian Federation, Samoa, Somalia, South Africa, South Sudan, Sudan, Syrian Arab Republic, Thailand, Ukraine, Venezuela, Yemen, Zimbabwe.",https://www.buyextenze.com/ct/976241,,,,,,,,,,,,,,,,,
,,ProsolutionPills.com,ProSolution Pills,"This potent male enhancement product has been an industry leader for over a decade with excellent customer results & top-notch support. Combine that with fantastic conversions, return sales, up-sells, and cross-product sales, and ProSolution Pills should definitely be on any male enhancement review site that wants to maximize commissions.","Product Overview
ProSolution Pills has been a leader in the male enhancement industry for the past decade!

With a patented combination of the very best male potency ingredients, many used for centuries to increase male sexual appetite, interest, and responsiveness, customer satisfaction is second to none.

ProSolution Pills includes two trademarked ingredients, Solidilin and Drilizen that give what we like to call ""the extra kick."" Together, it creates a powerful calibration designed to increase your body's natural production of nitric oxide, promote the dilation of blood vessels, producing harder, faster, longer erections, relax the muscle that allows blood to flow into the penis, and increase your testosterone.

Combine this powerful formulation with...

Endorsements from credible medical authorities including doctors, psychologists and herbalists.
A website that has been continually refined and redeveloped to yield the highest possible conversions and sales.
An industry leading guarantee.
Incredible incentives that dramatically increase average order value... and your commission checks!
... and you have a guaranteed winner!

So if you currently have a sexual health or product review site targeting male products we would definitely recommend promoting BOTH ProSolution Pills and VigRX Plus, testing different placements to see which combination your audience responds to best!

Product Format
Daily supplement; each box contains 60 tablets, a one-month supply.","Suitable for men aged 21 to 60+ who wish to diminish the physical effects of aging on their sex lives, improve their erection quality and control, and enjoy a bigger appetite for sex with more intense orgasms.","ProSolution Pills is available for sale in all countries with the exception of Afghanistan, Belarus, Botswana, Central African Republic, Congo, Democratic Republic of, Cuba, Egypt, Estonia, Iceland, India, International, Iran, Iraq, Lebanon, Libya, Malaysia, Mali, Mexico, Myanmar, North Korea, Norway, Palestine, State of, Peru, Russian Federation, Samoa, Somalia, South Africa, South Sudan, Sudan, Syrian Arab Republic, Thailand, Ukraine, Venezuela, Yemen, Zimbabwe.",https://www.prosolutionpills.com/ct/976241,,,,,,,,,,,,,,,,,
,,VigRXOil.com,VigRX Oil?,Topical male enhancement product used to improve sexual pleasure. 73% of men surveyed who used VigRX Oil? got an erection in a minute or less. Promote along with VigRX Plus? for a powerful combination.,"Product Overview
Want to give your affiliate income an INSTANT boost?

Start promoting VigRX Oil? in conjunction with any of our top-rated male enhancement supplements, VigRX Plus?, VigRX? or VigRX? Delay Spray.

It's the perfect complement, because unlike oral supplements which can take up to 30 to 60 days to fully kick into gear, with VigRX Oil?, there's no waiting for results.

This clinically proven formula instantly intensifies every aspect of men's sexual performance and pleasure. No prescriptions are required, and there are no unpleasant side effects.

It's a break-through formulation that includes botanical extracts, vitamin complexes, and antioxidants that go straight into the tissues of the penis for fast, targeted, immediate results.

It's even condom compatible... non-greasy... contains NO artificial colors or fragrance... NO petrochemicals... and it's even great for oral sex!

And how many men's lubes can claim they're DOCTOR ENDORSED! That's right, VigRX Oil? has earned approval and accolades from a number of well-respected medical professionals, with their written and video endorsements featured on the VigRX Oil? site!

VigRX Oil? is frequently offered as an upsell for various male enhancement products in the SellHealth.com network.

So whether you choose to promote it as a frontend product, or simply mention it to ensure increased sales on the BACKEND via *our* scientifically tested and proven upsells, you're guaranteed to earn generous commissions either way!

Product Format
Tube of topical male enhancement oil to be applied daily and prior to sex to increase overall pleasure and performance.",Suitable for men aged 21 to 60+ who want fast results in enhancing their erection quality and overall sexual performance.,"VigRX Oil is available for sale in all countries with the exception of Afghanistan, Belarus, Botswana, Central African Republic, Congo, Democratic Republic of, Cuba, Egypt, Estonia, Iceland, India, International, Iran, Iraq, Lebanon, Libya, Malaysia, Mali, Mexico, Myanmar, North Korea, Norway, Palestine, State of, Peru, Russian Federation, Samoa, Somalia, South Africa, South Sudan, Sudan, Syrian Arab Republic, Thailand, Ukraine, United Arab Emirates, Venezuela, Yemen, Zimbabwe.",https://www.vigrxoil.com/ct/976241,,,,,,,,,,,,,,,,,
,,VigRXDelaySpray.com, VigRX? Delay Spray,"You'll make a killing with VigRX? Delay Spray. The convenient male desensitizer spray helps guys delay orgasm so they last longer. That alone can make you rich, but upsell it with VigRX Plus? or Semenax? and you're just rolling in cash!","Product Overview
The 'Last Longer In Bed' Spray With the VigRX? Name On it!
The VigRX? name makes some affiliates extraordinarily wealthy. You may be among them when you promote VigRX? Delay Spray - a male desensitizer spray that helps guys:

Last longer in bed
Delay orgasm
Prolong sexual pleasure
Give multiple orgasms to women
Make sex AMAZING
It's pretty simple. They spray on VigRX? Delay Spray and rub it into their penile tissue. The product is formulated with a mild anesthetic, called benzocaine, which makes the penis less sensitive to stimuli.

Basically, it tells the nerves to relax and enjoy the ride. Guys last longer as a result - sometimes north of 20 minutes and they prolong their pleasure.

In fact, VigRX? Delay Spray has two logical upsells. Get your clients to buy it with VigRX Plus? and they boost their sex drive and erection size.

Just as enjoyable - and profitable for YOU - is when guys buy VigRX? Delay Spray with Semenax?. They last longer and have the biggest orgasm ever when they decide to climax.

Frankly, you may get the same pleasure when you see what this does to the size of your commissions with VigRX? Delay Spray!

Product Format:
50ml (1.7 fl. oz.) spray bottle.",Men 21+ who ejaculate earlier than they wish or who simply want to make sex thrilling for both partners.,"VigRX Delay Spray is available for sale in all countries with the exception of Afghanistan, Belarus, Botswana, Central African Republic, Congo, Democratic Republic of, Cuba, Egypt, Estonia, Iceland, India, International, Iran, Iraq, Lebanon, Libya, Malaysia, Mali, Mexico, Myanmar, North Korea, Norway, Palestine, State of, Peru, Russian Federation, Samoa, Somalia, South Africa, South Sudan, Sudan, Syrian Arab Republic, Thailand, Ukraine, United Arab Emirates, Venezuela, Yemen, Zimbabwe.",https://www.vigrxdelayspray.com/ct/976241,,,,,,,,,,,,,,,,,
,,ProsolutionGel.com,ProSolution Gel,"ProSolution Gel is the ultimate arousal and control cream. With pills it takes time to get results, but with ProSolution Gel you can get results in literally seconds! By simply applying ProSolution Gel to your penis, not only will you stimulate an instant erection, it will also give you added control helping prevent premature ejaculation.","Product Overview
When ProSolution Gel is applied to the penis not only will you increase the size of an erection but also the sensitivity of the erection.

ProSolution Gel has successfully converted in many different markets and with many different forms of promotion. Many affiliates have found that promotion of ProSolution Gel in adult related content has proven to be very profitable while others have found fortune in selected search terms dealing with erection enhancement.

ProSolution Gel works within seconds and this is a great marketing selling point. Whereas ProSolution Pills do not work instantly, ProSolution Gel has immediate results. Be sure to remember this when setting up your marketing campaign.

ProSolution Gel is flat out the best product to promote in conjunction with ProSolution Pills and Volume Pills. So our advice here is to market ProSolution Gel on its own and as a great product to make your experience with ProSolution Pills and Volume Pills that much more enjoyable.

Product Format
60 ml Tube of topical male enhancement oil to be applied daily and prior to sex to increase overall pleasure and performance.",Suitable for men aged 21 to 60+ who want fast results in enhancing their erection quality and overall sexual performance.,"ProSolution Gel is available for sale in all countries with the exception of Afghanistan, Belarus, Botswana, Central African Republic, Congo, Democratic Republic of, Cuba, Egypt, Estonia, Iceland, India, International, Iran, Iraq, Lebanon, Libya, Malaysia, Mali, Mexico, Myanmar, North Korea, Norway, Palestine, State of, Peru, Russian Federation, Samoa, Somalia, South Africa, South Sudan, Sudan, Syrian Arab Republic, Thailand, Ukraine, Venezuela, Yemen, Zimbabwe.",https://www.prosolutiongel.com/ct/976241,,,,,,,,,,,,,,,,,
,,GenFX.com,GenFX,"Typically any affiliate that has had strong success with GenF20 Plus in the #1 spot on their HGH review site also earns substantial commissions with GenFX in the #2 spot. GenFX is a solid performer in the HGH market with an extensive track record, strong customer testimonials, and credible doctor endorsements.","Attention: No affiliate shall make reference to the products SeroVital, GF-9, Thrive, or any other product from Basic Research LLC or SanMedica International LLC.
Product Overview
If you are looking for an HGH product to promote as #2 to GenF20 Plus then look no further. GenFX is a solid contender that has a loyal customer base driven by real results.

As the boomer population ages, HGH releasers are becoming more and more popular as an alternative to dangerous and expensive injections. This is a massive market of customers who are already aware of the anti-aging benefits HGH offers and are actively seeking out HGH releasers on the Internet.

Muscle building is another popular target market for HGH releasers as bodybuilders and weight lifters continue to look for supplements to give them the edge. And with HGH's track record of speeding recovery and growth, more and more athletes are turning to HGH releasers as a legal and cost effective source of increased HGH!

Product Format
Daily supplement; each box contains 60 capsules, a one-month supply.","Suitable for both men and women aged 21 to 60+ who wish to reverse the effects of aging to enjoy a more youthful appearance, increased energy, weight loss, improved sex drive, and more.","GenFX is available for sale in all countries with the exception of Afghanistan, Belarus, Botswana, Central African Republic, Congo, Democratic Republic of, Cuba, Egypt, Estonia, India, International, Iran, Iraq, Lebanon, Libya, Malaysia, Mali, Mexico, Myanmar, North Korea, Norway, Palestine, State of, Peru, Russian Federation, Samoa, Somalia, South Africa, South Sudan, Sudan, Syrian Arab Republic, Thailand, Ukraine, Venezuela, Yemen, Zimbabwe.",https://www.genfx.com/ct/976241,,,,,,,,,,,,,,,,,
,,NexusPheromones.com,Nexus Pheromones?,"Here's a unique selling proposition that always gets the attention of men: Nexus Pheromones? is quite literally sexual chemistry in a bottle, making men irresistibly attractive to women. It contains 100% pure androstenone pheromone concentrate, featured in medical and scientific journals for its ability to stimulate sexual response in the opposite sex! Comes with a 100% moneyback guarantee.","Product Overview:
Nexus Pheromones is a scientifically formulated pheromone cologne designed to enhance male attractiveness and confidence in social interactions. It utilizes a blend of seven powerful human pheromones that mimic natural chemical signals associated with masculinity, dominance, and sexual appeal. When applied, these pheromones work on a subconscious level, influencing how women perceive the wearer and increasing their receptiveness to attraction.

The formula is based on extensive research in human pheromone communication and is engineered to amplify natural signals that trigger subconscious responses in women. Nexus Pheromones is easy to use?just a few sprays on pulse points such as the neck and wrists can last for hours, creating an aura of magnetism and desirability.

Unlike traditional colognes that rely solely on fragrance, Nexus Pheromones operates on a deeper biological level. It is designed for men looking to improve their dating success, enhance romantic encounters, or boost overall social confidence.

Backed by scientific principles and positive user testimonials, Nexus Pheromones is marketed as a cutting-edge tool in human attraction. The product is available for direct purchase through its official website, ensuring authenticity and quality for those seeking to unlock the power of pheromone-based attraction.",,"Nexus Pheromones is available for sale in all countries with the exception of Afghanistan, Belarus, Botswana, Central African Republic, Congo, Democratic Republic of, Cuba, Egypt, Estonia, India, International, Iran, Iraq, Lebanon, Libya, Malaysia, Mali, Mexico, Myanmar, North Korea, Palestine, State of, Peru, Russian Federation, Samoa, Somalia, South Africa, South Sudan, Sudan, Syrian Arab Republic, Thailand, Ukraine, Venezuela, Yemen, Zimbabwe.",https://www.nexuspheromones.com/ct/976241,,,,,,,,,,,,,,,,,
,,Provacyl.com,Provacyl,"Specifically formulated to address andropause, or the steady decrease of hormone production in men, Provacyl holds immense potential for a generation of baby boomers looking to make their golden years count. Forget thinning hair, excess body fat and decreased sex drive. Provacyl is a powerful HGH releaser that changes lives and will be a leader in the anti-aging market for years to come.","Attention: No affiliate shall make reference to the products SeroVital, GF-9, Thrive, or any other product from Basic Research LLC or SanMedica International LLC.
Provacyl?
Increase Physical Stamina, Decrease Body Fat, Feel Younger
Provacyl is about to take off. Here's why.

A generation of men are beginning to retire and enter their senior years. Baby boomers control over 80% of American wealth, account for 50% of discretionary spending and buy 77% of all prescription medications.

We're beyond billions. The male baby boomer generation is a trillion dollar market segment. That's trillion, with a 't'. And that's just the United States.

As a human growth hormone (HGH) releaser, Provacyl is positioned to help millions address the symptoms of andropause, or the gradual decrease of hormone production in men, with a potent and natural blend of herbals, amino acids and nutrients that are clinically proven to:

naturally increase the male sex drive
help reduce excess body fat
increase lean muscle mass
boost physical stamina
produce feelings of well-being and positive life outlook
Let's face it, guys are always going to want great sex, look good and feel great. The good news for you the affiliate is that with Provacyl, they can do it without the cost and expense of synthetic HGH injections.

Provacyl has a list of happy clients, produces no known side effects and offers hope to men around the world who want a safe and affordable way to enjoy their retirement years.

Product Format
Provacyl is a dietary supplement pill, taken twice a day.","Suitable for men age 40 to 65+ who are looking to address the symptoms of andropause. Specifically, men who want to boost sex drive, increase lean muscle mass and reduce excess body fat.","Provacyl 120 is available for sale in all countries with the exception of Afghanistan, Belarus, Botswana, Brazil, Central African Republic, Congo, Democratic Republic of, Cuba, Egypt, Estonia, Germany, Iceland, India, International, Iran, Iraq, Ireland, Israel, Japan, Lebanon, Libya, Malaysia, Mali, Mexico, Myanmar, North Korea, Norway, Palestine, State of, Peru, Russian Federation, Samoa, Somalia, South Africa, South Korea, South Sudan, Sudan, Syrian Arab Republic, Thailand, Ukraine, Venezuela, Yemen, Zimbabwe.",https://www.provacyl.com/ct/976241,,,,,,,,,,,,,,,,,
,,MagnaRX.com,MagnaRX?,"MagnaRX? ? A Big Name in Natural Male Enhancement!
Å  Help Guys Increase Sexual Performance
Å  HUGE Demand
Å  Premium Brand
Å  Comes With 67 Day Money-Back Guarantee","Magna-RX+ is a natural male enhancement supplement developed by George Aguilar, MD, a Board Certified Urologist who has treated over 20,000 patients with erectile problems. 

This offer is great to run as another option for men to choose between Erectin, VigRX Plus, and ProSolution Plus. 

After following the progress of 1,000 patients using the product for ten months, Dr. Aguilar determined that the combination of ingredients in Magna RX+? is a powerful, 100% natural male enhancement formula.

Magna-RX+ is carefully formulated with only the highest quality of ingredients.

These pharmaceutical-grade herbs and compounds have been used for hundreds of years for their male enhancement properties: 

Pygeum Bark
Maca Root
Horny Goat Weed
Oat Straw (Grassy Stalks)
Oyster Meat
L-Arginine
Stinging Nettle
Muira Puama
Cayenne Fruit
Orchid Substance
Sarsaparilla
Licorice Root
Astralagus
Pumpkin Seed","Sell the benefits of this supplement to the men shopping for Magna-RX+: 

NATURALLY ENHANCE YOUR PENIS!
HARDER LONGER LASTING ERECTIONS
BOOST YOUR CONFIDENCE LEVEL & SELF-ESTEEM
SATISFY YOUR LOVER LIKE NEVER BEFORE","Magna-RX is available for sale in all countries with the exception of Afghanistan, Belarus, Botswana, Canada, Central African Republic, Congo, Democratic Republic of, Cuba, Egypt, Estonia, Iceland, India, International, Iran, Iraq, Lebanon, Libya, Malaysia, Mali, Mexico, Myanmar, North Korea, Norway, Palestine, State of, Peru, Russian Federation, Samoa, Somalia, South Africa, South Korea, South Sudan, Sudan, Syrian Arab Republic, Thailand, Ukraine, Venezuela, Yemen, Zimbabwe.",https://www.magnarx.com/ct/976241,,,,,,,,,,,,,,,,,
,,VigRXDelayWipes.com,VigRX?,"VigRX? Delay Wipes ? An Easy Way to Boost VigRX Revenue!

Å  A ?VigRX? Product For Higher Conversions

ÅEasy Way to Tap the Premature Ejaculation Niche

Å Great Upsell or Stand-Alone Product

Å  Works in Just 10 Minutes","Product Overview
The 'Last Longer In Bed' Wipe With the VigRX? Name On it!
The VigRX? name makes some affiliates extraordinarily wealthy. You may be among them when you promote VigRX? Delay Wipes - a male desensitizer wipe that helps guys:

Last longer in bed
Delay orgasm
Prolong sexual pleasure
Give multiple orgasms to women
Make sex AMAZING
It's pretty simple. They wipe on VigRX? Delay Wipes and rub it into their penile tissue. The product is formulated with all natural ingredients which make the penis less sensitive to stimuli.

Basically, it tells the nerves to relax and enjoy the ride. Guys last longer as a result - sometimes north of 20 minutes and they prolong their pleasure.

In fact, VigRX? Delay Wipes has two logical upsells. Get your clients to buy it with VigRX Plus? and they boost their sex drive and erection size.

Just as enjoyable - and profitable for YOU - is when guys buy VigRX? Delay Wipes with Semenax?. They last longer and have the biggest orgasm ever when they decide to climax.

Frankly, you may get the same pleasure when you see what this does to the size of your commissions with VigRX? Delay Wipes!

Product Format:
Wipe, each box contains 10 wipes.",Men 21+ who ejaculate earlier than they wish or who simply want to make sex thrilling for both partners.,"VigRX Delay Wipes is available for sale in all countries with the exception of Afghanistan, Belarus, Botswana, Central African Republic, Congo, Democratic Republic of, Cuba, Egypt, Estonia, Iceland, India, International, Iran, Iraq, Lebanon, Libya, Malaysia, Mali, Mexico, Myanmar, North Korea, Norway, Palestine, State of, Peru, Russian Federation, Samoa, Somalia, South Africa, South Sudan, Sudan, Syrian Arab Republic, Thailand, Ukraine, Venezuela, Yemen, Zimbabwe.",https://www.vigrxdelaywipes.com/ct/976241,,,,,,,,,,,,,,,,,
,,SemEnhance.com,SemEnhance?,"SemEnhance? is our all-natural, top-rated semen taste enhancer. Designed to help sweeten a man's semen, this offer is popular among women and men! 

Promote it along with Semenax & Volume Pills
Lander Variations: Hetero & Gay Traffic
Lifetime Cookie
International Shipping","Product Overview
SemEnhance? is made with natural ingredients that help sweeten the taste of semen. The formula is designed to enhance the natural sugars already in semen and make their taste stand out.

Key selling points: 

Have GREAT Tasting Semen
Enjoy MORE Oral Sex
RESULTS Starting in Just 3 Weeks
High-Impact NATURAL Formula
Made by the SEMENAX Team
We recommend promoting SemEnhance? with Semenax?

Product Format

Daily supplement; each bottle contains 60 capsules, a one-month supply.

Target Audience

Straight & gay men who want to improve the taste of their semen, especially smokers and coffee drinkers.
Couples seeking to improve oral sex. 
Recommended Traffic Sources

SMS, Push, Email
PPC & SEO: Targeting terms related to improving semen taste.
Adult: Straight & Gay","Straight & gay men who want to improve the taste of their semen, especially smokers and coffee drinkers.
Couples seeking to improve oral sex. ","SemEnhance is available for sale in all countries with the exception of Afghanistan, Belarus, Botswana, Central African Republic, Congo, Democratic Republic of, Cuba, Egypt, Estonia, France (European Territory), Iceland, India, International, Iran, Iraq, Lebanon, Libya, Malaysia, Mali, Mexico, Myanmar, North Korea, Norway, Palestine, State of, Peru, Russian Federation, Samoa, Somalia, South Africa, South Sudan, Sudan, Syrian Arab Republic, Thailand, Ukraine, Venezuela, Yemen, Zimbabwe.",https://www.semenhance.com/ct/976241,,,,,,,,,,,,,,,,,
,,FertilityFactor5.com,Fertility Factor 5,"Fertility Factor 5 helps couples address male infertility. It gives men hope, with better sperm quantity and quality, delivered with a clinically studied formula and the VigRX? name!","Product Overview:
Fertility Factor 5 helps couples conceive. It's a high quality formula made with clinically studied sexual nutrients shown to improve sperm count, shape and movement, among other factors that help men impregnate their partners. With the 'VigRX?' name on the bottle, it's a top-seller!

Clinical Studies:
We made Fertility Factor 5 with clinically studied ingredients like Tongkat Ali LJ100 - a joint effort between the Government of Malaysia and Massachusetts Institute of Technology - which improved semen parameters in 100% of infertile men who took it over 3 months.

Their sperm motility improved by a very encouraging 44% - and that was just after 12 weeks!

Fertility Factor 5's Competitive Advantages:
Promote Fertility Factor 5 and you instantly capitalize on its many advantages. These include:

VigRX? ? Fertility Factor 5 is a VigRX? product - a name that converts higher on that alone.

Clinical Studies ? Researchers have extensively reviewed the ingredients in Fertility Factor 5, and they like what they see!

It Works! (Very Well) ? A study done on one of the ingredients in Fertility Factor 5 documents 11 pregnancies within 6 months among men who were previously told that conception was very unlikely.\",Fertility Factor 5 is for men age 21+ struggling with male infertility and who are looking to conceive. Can be sold on its own or as an upsell to other VigRX? products like VigRX Plus?. Fertility Factor 5 is sold and shipped world-wide.,"VigRX Fertility Factor 5 is available for sale in all countries with the exception of Afghanistan, Belarus, Botswana, Central African Republic, Congo, Democratic Republic of, Cuba, Egypt, Estonia, Iceland, India, International, Iran, Iraq, Lebanon, Libya, Malaysia, Mali, Mexico, Myanmar, North Korea, Norway, Palestine, State of, Peru, Russian Federation, Samoa, Somalia, South Africa, South Sudan, Sudan, Syrian Arab Republic, Thailand, Ukraine, Venezuela, Yemen, Zimbabwe.",https://www.fertilityfactor5.com/ct/976241,,,,,,,,,,,,,,,,,
,,BrainPill.com,Brain Pill,"The ingredients in SellHealth's flagship nootropic supplement Brain Pill have been shown to help men & women to boost focus, increase mental energy, and reduce brain fog.","BrainPill?
Help People Keep Their Memory and Boost Intelligence!
Product Overview:
Memory loss really hits home. It's both sad and lonely - to say nothing of the decrease in productivity at work and the effects on family and friends.

BrainPill? was designed to address that, with a series of clinically studied natural nootropics that help clients:

Boost Memory
Increase Cognitive Skills
Have Faster Recall of Facts
Focus Better
Enhance Brain Power
Perform Under Pressure
Have Better Problem-Solving Skills
Eliminate Brain Fog and More
You'll make crazy amounts of money with BrainPill?, believe us. Recommend it to students, professionals - anyone who wants or needs their memory and related cognitive skills to be better.

It's their 'unfair advantage' - and yours too - because it converts like crazy and could buy you some very nice luxuries in life!

Product Format:
Each box has 60 capsules and should last a month. Recommended dosage is two capsules; once in the morning and again in the afternoon.","Men and women 21+, including students, professionals, and people who want to protect their memory as they get older.","Brainpill is available for sale in all countries with the exception of Afghanistan, Belarus, Botswana, Central African Republic, Congo, Democratic Republic of, Cuba, Egypt, Estonia, Germany, Iceland, India, International, Iran, Iraq, Ireland, Japan, Lebanon, Libya, Malaysia, Mali, Mexico, Myanmar, North Korea, Norway, Palestine, State of, Peru, Russian Federation, Samoa, Somalia, South Africa, South Sudan, Spain, Sudan, Syrian Arab Republic, Thailand, Ukraine, United Kingdom, Venezuela, Yemen, Zimbabwe.",https://www.brainpill.com/ct/976241,,,,,,,,,,,,,,,,,
,,VigRXNitricOxide.com,VigRX Nitric Oxide,"The #1 male enhancement brand, VigRX presents VigRX Nitric Oxide, a supplement that aims to help men improve the quality of their erections, boost sexual stamina, and increase their blood flow. Made with all-natural L-Citrulline and L-Arginine, this is a powerful combo! Promoting this along with VigRX Plus, affiliates can rake in some serious cash on this huge, in-demand market.","Product Overview
As men age, their nitric oxide (NO) levels drop, leading to poor circulation, and weaker erections, so we launched VigRX Nitric Oxide. Nitric oxide is a physiological signal essential to erections.

Featuring the trusted VigRX brand, this supplement contains a patented ingredient Velox which contains both L-Citrulline and L-Arginine. Numerous clinical studies show the benefits of these ingredients to improving blood flow, helping improve erection quality, sexual stamina, and improving overall blood flow.

VigRX Nitric Oxide is a serious money-earner for affiliates because it provides:
Pricing incentives for larger average order sizes.
Clinical studies that show how effective this supplement works for users.
An upsell funnel that helps add even more commissions to your pocket!
Product Format
Daily supplement; each bottle contains 90 tablets, a one-month supply.","Suitable for men aged 21 to 60+ who want to improve the quality, stamina, and overall health of their erections, improve vascularity, circulation and muscle pumps in the gym.","VigRX Nitric Oxide Support is available for sale in all countries with the exception of Afghanistan, Belarus, Botswana, Central African Republic, Congo, Democratic Republic of, Cuba, Egypt, Estonia, Iceland, India, International, Iran, Iraq, Lebanon, Libya, Malaysia, Mali, Mexico, Myanmar, North Korea, Norway, Palestine, State of, Peru, Russian Federation, Samoa, Somalia, South Africa, South Sudan, Sudan, Syrian Arab Republic, Thailand, Ukraine, Venezuela, Yemen, Zimbabwe.",https://www.vigrxnitricoxide.com/ct/976241,,,,,,,,,,,,,,,,,
,,VigrxIncontinix.com,VigRX? Incontinix,"VigRX? Incontinix is SellHealth's male urinary incontinence supplement. This supplement is focused on helping men with:

Fewer bathroom visits during the day
Decreased urges to ""go"" at night
Leaks cut in HALF
Improved quality of life","Product Overview
Natural Bladder Control Solution for Men - VigRX? Incontinix

Over 25 million people suffer from urinary incontinence issues in the United States. This is a problem that both men and women struggle with on a daily basis.

We've specially formulated VigRX? Incontinix to help men improve their quality of life by providing help with their bladder health issues.

VigRX? Incontinix is branded to help men with urinary incontinence problems. If you're looking for an offer targeting women, please promote Confitrol24.

Researchers from Australia wanted to know if the formula in Incontinix could alleviate common incontinence symptoms.

So they recruited 150 volunteers suffering from bladder issues. It was an 8-week, double-blind, placebo-controlled study (the gold standard of scientific research).

The results?
The researchers were stunned when they discovered that the breakthrough formula in Incontinix significantly improved ALL parameters of bladder health.

These amazing results included:
Fewer bathroom visits during the day
Decreased urges to ""go"" at night
Leaks cut in HALF
Improved quality of life
The clinical study results get even better... That's because the participants given this amazing bladder control formula saw their overall urgency reduced by 62%.

And 60% of participants claimed to start having NORMAL daytime frequency.

Plus? almost 25% STOPPED racing to the bathroom at night. And after just 8 weeks, 23% of volunteers claimed to be totally symptom-free.

Suggested keywords: male urinary incontinence, male incontinence, incontinence in men, urinary urgency in men, male urinary incontinence treatment, bladder health supplements",,"VigRX Incontinix is available for sale in all countries with the exception of Afghanistan, Belarus, Botswana, Central African Republic, Congo, Democratic Republic of, Cuba, Egypt, Estonia, Iceland, India, International, Iran, Iraq, Lebanon, Libya, Malaysia, Mali, Mexico, Myanmar, North Korea, Norway, Palestine, State of, Peru, Russian Federation, Samoa, Somalia, South Africa, South Sudan, Sudan, Syrian Arab Republic, Thailand, Ukraine, Venezuela, Yemen, Zimbabwe.",https://www.vigrxincontinix.com/ct/976241,,,,,,,,,,,,,,,,,
,,VigrxMaxVolume.co,VigRX Max Volume,"VigRX Max Volume is a semen volume enhancer that's been formulated to increase the pleasure and intensity of men's orgasms.

This offer is an outstanding 3rd option for semen volume enhancer supplements to promote next to Semenax? & Volume Pills.","Product Overview
Semen Volume Booster - VigRX Max Volume

Over the last two years, semen volume enhancers have become one of the hottest male enhancement niches.

Semenax? consistently leads the field of these supplements since it has the highest search volume, best name recognition, and is the only volume enhancer that's backed by a clinical study.

We like VigRX Max Volume as a great 3rd offer to round out a ""Best Semen Volume Enhancers"" review page, with Semenax? and Volume Pills at #1 and #2.

Ingredients
Zinc (as Zinc Citrate) 40mg
Sunflower Lecithin 1000 mg
L-Arginine HCl 100mg
AstraGin? 50mg
Product Format
Daily supplement; Take 4 capsules once a day. Each bottle contains 120 capsules, a one-month supply.",Suitable for men aged 21 to 60+ who wish to increase their sexual pleasure with more intense orgasms and/or increase their fertility.,"VigRX Max Volume is available for sale in all countries with the exception of Afghanistan, Belarus, Botswana, Central African Republic, Congo, Democratic Republic of, Cuba, Egypt, Estonia, Iceland, India, International, Iran, Iraq, Lebanon, Libya, Malaysia, Mali, Mexico, Myanmar, North Korea, Norway, Palestine, State of, Peru, Russian Federation, Samoa, Somalia, South Africa, South Sudan, Sudan, Syrian Arab Republic, Thailand, Ukraine, Venezuela, Yemen, Zimbabwe.",https://www.vigrxmaxvolume.co/ct/976241,,,,,,,,,,,,,,,,,
,,PrimeGENIXProstateSupport.com,PrimeGENIX? Prostate Support,"PrimeGENIX? Prostate Support is a dietary supplement designed to promote prostate health and urinary function in men. It contains natural ingredients like beta-sitosterol, saw palmetto, and pygeum africanum. The product aims to reduce frequent urination, improve bladder control, and support overall prostate wellness.","Product Overview
PrimeGENIX? Prostate Support is designed to address common prostate-related issues in men, particularly those over the age of 40. The supplement aims to reduce urinary frequency, enhance bladder control, and support overall prostate function. Its formulation includes a blend of plant-based ingredients known for their beneficial effects on prostate health.?

Key Ingredients
Phytopin? - The clinically proven pine extract shown to shrink prostate size, improve urine flow, AND reduce nighttime bathroom trips - with a 5.4 point improvement in prostate symptoms!

Flowens? - A powerful cranberry extract specifically designed for men that helps prevents harmful bacteria from sticking to your urinary tract while protecting against future infections!

Graminex? G63? - A premium flower pollen extract that directly targets prostate inflammation, reducing swelling and improving urinary symptoms without unwanted side effects.

Marketing Strategies
To effectively market PrimeGENIX? Prostate Support, consider the following approaches:

Educational Content: Create informative articles and videos that discuss common prostate health issues and how the supplement's ingredients can help. This positions the brand as a knowledgeable authority in men's health.?

Targeted Advertising: Utilize online advertising platforms to target demographics most likely to benefit from the supplement, such as men aged 40 and above.?

Email Marketing Campaigns: Develop a series of emails that provide valuable information on prostate health and highlight the benefits of PrimeGENIX? Prostate Support.?

Social Media Engagement: Maintain an active presence on platforms like Facebook and Instagram to engage with the community, share success stories, and provide health tips.?

Search Engine Optimization (SEO): Optimize the website and content for search engines to increase visibility when potential customers search for prostate health solutions.?

Product Format
2 daily capsules of the PrimeGENIX? Prostate Complex's Dual-Action Formula.",Men 40+ who are concerned about their prostate health.,"PrimeGENIX Prostate is available for sale in all countries with the exception of Afghanistan, Belarus, Botswana, Central African Republic, Congo, Democratic Republic of, Cuba, Egypt, Estonia, Iceland, India, International, Iran, Iraq, Lebanon, Libya, Malaysia, Mali, Mexico, Myanmar, North Korea, Norway, Palestine, State of, Peru, Russian Federation, Samoa, Somalia, South Africa, South Sudan, Sudan, Syrian Arab Republic, Thailand, Ukraine, Venezuela, Yemen, Zimbabwe.",https://www.primegenixprostatesupport.com/ct/976241,,,,,,,,,,,,,,,,,
Women's Health,"Daytime TV talk shows have ""normalized"" many women's health issues, and concerns that were previously considered taboo and never discussed, like menopause, declining sex drive, and hormone replacement has resulted in a HUGE spike in demand for a wide range of women's anti-aging, sexual health, and hormone related supplements and information.",HerSolution.com,HerSolution ,"HerSolution has been rapidly gaining market share over the past year as ""Women's Sexual Health"" becomes a common topic in the media. And more recently the HerSolution brand was given a real boost when the product line was given a great review on the popular TV show ""The Doctors"". This product has been scientifically formulated to increase blood flow and sensitivity in the vaginal and clitoral regions, dramatically increasing sexual pleasure.","Product Overview
Women's sexual health is quickly becoming an enormous market as the topic becomes less taboo and more openly discussed in popular media.

In fact it is this exposure and increased popularity that has attracted many affiliates that have traditionally focused on male enhancement as they realize the sales opportunity that also exists in the female sexual enhancement market.

HerSolution has been scientifically formulated with a blend of the highest quality herbs, nutrients, and aphrodisiacs designed to boost lubrication and sexual response by increasing blood flow to the vaginal and clitoral regions.

Doctor endorsed and highly recommended by our clients, HerSolution has even been featured on ""The Doctors""!

HerSolution is also the perfect complement to HerSolution Gel-- our popular arousal enhancement cream for women.

Our testing has shown promoting these two products together can result in even HIGHER commission earnings!

Get started promoting HerSolution today, while the market continues to grow!

Product Format
Daily supplement; each box contains 30 capsules, a one-month supply.

Target Audience
Women aged 25 to 60 interested in increasing their desire for and enjoyment of sex. Women who are dealing with hormonal issues (i.e. post-pregnancy, premenstrual, menopausal, etc.) make a particularly good target audience for this product.","Women aged 25 to 60 interested in increasing their desire for and enjoyment of sex. Women who are dealing with hormonal issues (i.e. post-pregnancy, premenstrual, menopausal, etc.) make a particularly good target audience for this product.","HerSolution is available for sale in all countries with the exception of Afghanistan, Australia, Belarus, Botswana, Central African Republic, Congo, Democratic Republic of, Cuba, Egypt, Estonia, Iceland, India, International, Iran, Iraq, Lebanon, Libya, Malaysia, Mali, Myanmar, North Korea, Norway, Palestine, State of, Peru, Russian Federation, Samoa, Somalia, South Africa, South Sudan, Sudan, Syrian Arab Republic, Thailand, Ukraine, Venezuela, Yemen, Zimbabwe.",https://www.hersolution.com/ct/976241,,,,,,,,,,,,,,,,,
,,Provestra.com,Provestra?,"Demand for Provestra? has been growing exponentially in the last few years as women's sexual health issues have taken center stage in the media. Scientifically formulated with the highest quality herbs, nutrients, and aphrodisiacs, Provestra? is designed to rekindle desire while improving lubrication and sexual response by increasing blood flow to the vaginal and clitoral regions. A hot opportunity right now!","Product Overview
Wondering what the next ""big thing"" will be in the health supplements market space?

Pay close attention to women's sexual health supplements!

In the last couple of years, women have been talking more freely about their sexual health concerns and needs. Just watch any women's daytime television talk show and you'll see women freely discussing issues that, just five years ago, were considered strictly taboo, not mentioned among even the closest of friends.

And that's what makes Provestra? such an exciting opportunity!

Provestra? has been scientifically formulated with a blend of the highest quality herbs, nutrients, and aphrodisiacs...

... All designed to help gently rekindle desire while improving lubrication and sexual response by increasing blood flow to the vaginal and clitoral regions.

Doctor endorsed and highly recommended by our clients, Provestra? has even been featured on Fox News!

And we've recently finished a complete overhaul of the design and marketing collateral for Provestra?, so it's converting sales better than ever!

It's also worth noting that Provestra? is the perfect complement to Vigorelle -- our popular arousal enhancement cream for women.

Our testing has shown promoting these two products together can result in even HIGHER commission earnings!

Get started promoting Provestra? today, while it's still a hot opportunity!

Doctor Endorsements
See how our products are backed by real doctors, unlike competitor sites with false doctor endorsements, potentially putting yourself at legal risk for adertising them. We're actually the only company out of our competition that can back up why we're the best!

Product Format
Daily supplement; each box contains 30 capsules, a one-month supply.","Women aged 25 to 60 interested in increasing their desire for and enjoyment of sex. Women who are dealing with hormonal issues (i.e. post-pregnancy, premenstrual, menopausal, etc.) make a particularly good target audience for this product.","Provestra is available for sale in all countries with the exception of Afghanistan, Belarus, Botswana, Central African Republic, Congo, Democratic Republic of, Cuba, Egypt, Estonia, France (European Territory), Iceland, India, International, Iran, Iraq, Lebanon, Libya, Malaysia, Mali, Mexico, Myanmar, North Korea, Norway, Palestine, State of, Peru, Russian Federation, Samoa, Somalia, South Africa, South Korea, South Sudan, Sudan, Syrian Arab Republic, Thailand, Ukraine, Venezuela, Yemen, Zimbabwe.",https://www.provestra.com/ct/976241,,,,,,,,,,,,,,,,,
,,Vigorelle.com,Vigorelle?,"Vigorelle? is our leading female libido enhancement product. It's an all-natural herbal cream that's activated by touch, described as an ""instant turn-on cream."" Vigorelle? converts extremely well when promoted to both women AND men, as men like to purchase it as a gift for their partners. Consider promoting Vigorelle? alongside our complementary women's libido boosting supplement, Provestra?, for even bigger commissions!","Product Overview
Vigorelle? is our leading female libido enhancement product. It's an all-natural herbal cream that's activated by touch.

Interestingly, Vigorelle? converts extremely well when promoted to both women AND men, as men like to purchase it as a gift for their partners.

And it's no wonder... Described as an ""instant turn-on cream,"" Vigorelle? is applied to women's most intimate areas before or during lovemaking to dramatically increase sensation and intensify orgasms.

There are NO pills to take, NO manuals to read, NO awkward positions to learn. Just a sensuous, deliciously smooth cream to transform every touch into pure sensual pleasure.

Vigorelle? is 100% safe, packaged in a state-of-the-art medical-grade facility.

It contains no harmful petrochemicals and is made with the highest-quality, natural ingredients, chosen by an experienced naturopath for their sex-enhancing properties.

Our advertising exposure in Discovery Health magazine quickly increased searches for ""Vigorelle"", making this a great time to begin promoting this popular product.

And don't forget:

To increase your sales of Vigorelle?, it's a good idea to mention in your advertising that clients who purchase 2 or more bottles automatically qualify for their choice of FREE Bonus Gift:

(1) UltraHair Away?, (2) GenF20? HGH Releaser, or (3) The Mini Vibrator.

Plus, consider promoting Vigorelle alongside our complementary women's libido boosting supplement, Provestra -- for EVEN bigger commissions!

Doctor Endorsements
See how our products are backed by real doctors, unlike competitor sites with false doctor endorsements, potentially putting yourself at legal risk for adertising them. We're actually the only company out of our competition that can back up why we're the best!

Product Format
Single bottle with pump contains a full 30-day supply.",Women aged 18 to 60 interested in increasing their desire for and enjoyment of sex.,"Vigorelle is available for sale in all countries with the exception of Afghanistan, Belarus, Botswana, Central African Republic, Congo, Democratic Republic of, Cuba, Egypt, Estonia, Iceland, India, International, Iran, Iraq, Lebanon, Libya, Malaysia, Mali, Mexico, Myanmar, North Korea, Norway, Palestine, State of, Peru, Russian Federation, Samoa, Somalia, South Africa, South Sudan, Sudan, Syrian Arab Republic, Thailand, Ukraine, Venezuela, Yemen, Zimbabwe.",https://www.vigorelle.com/ct/976241,,,,,,,,,,,,,,,,,
,,HerSolutionGel.com,HerSolution Gel,"HerSolution Gel is a popular female enhancement product. Known as the female version of Viagra, HerSolution Gel is an instant turn on cream that is activated by the human touch. It was recently given a positive review on the TV show ""The Doctors"" giving the ""HerSolution"" brand a significant boost!","Product Overview
HerSolution Gel serves a relatively untapped market as an ""instant turn-on cream.""

Applied to women's most intimate areas before or during lovemaking, HerSolution Gel dramatically increases sensation and intensifies orgasms.

It is also a unique product in that its sales and conversions are high in both male and female demographics as many men like to buy this product for their wives and girlfriends!

Now is the time. HerSolution Gel is selling very well. Don't let this product go unnoticed!

Product Format
60 ml tube contains a full 30-day supply.",Women aged 18 to 60 interested in increasing their desire for and enjoyment of sex.,"HerSolutionGel is available for sale in all countries with the exception of Afghanistan, Belarus, Botswana, Central African Republic, Congo, Democratic Republic of, Cuba, Egypt, Estonia, France (European Territory), India, International, Iran, Iraq, Lebanon, Libya, Malaysia, Mali, Mexico, Myanmar, North Korea, Palestine, State of, Peru, Romania, Russian Federation, Samoa, Somalia, South Africa, South Korea, South Sudan, Sudan, Syrian Arab Republic, Thailand, Ukraine, Venezuela, Yemen, Zimbabwe.",https://www.hersolutiongel.com/ct/976241,,,,,,,,,,,,,,,,,
,,TotalCurve.com,Total Curve?,"Total Curve? is our natural breast lifting system that restores lift to breasts. It's a 2-part natural enhancement system, with a daily supplement of breast-friendly herbals as well as a lifting and firming gel with Volufiline?.

A clinical study found that Volufiline increased breast tissue by up to 8.4% in women who used it for two months. That makes Total Curve ideal for women who'd like to address both lift and appearance.","Product Overview
A Clinically Proven Breast Enhancement Therapy

Total Curve is a clinically proven system with containing Volufiline. That's exciting stuff because the two following studies illustrate this promising development in natural-based breast enhancement and what it means to women who want to get a little bigger.

In the first experiment, scientists added a 5% and 1% concentration of Volufiline to a group of cells over six days. When the study ended, cells exposed to the 1% Volufiline concentration absorbed 492% more fat molecules than cells not exposed to it.

The second, a human study, is even more encouraging. In this experiment, a group of 32 women between 18 and 35 applied Volufiline to one breast twice daily for 56 days.

None of the women were pregnant nor breastfeeding and reported stable hormone levels. None reported substantial weight gain or loss for three months.

The Result
On the 56th day, Volufiline had increased breast tissue by up to 8.4%. The participants' breasts appeared fuller, and firmer, too. That's an encouraging development for women who'd like to develop this sexy and noticeable area.

Keyword Suggestions
Please review the SellHealth keyword list for suggestions.

Top keywords will include: Breast Enhancement Cream, Breast Lift Supplement, Breast Supplement, Breast Enhancement Supplement, Natural Breast Enhancement.

Ingredients
Buckwheat Leaves / Flower
Fennel Seed
Dong Quai Root
Damiana Leaf
Blessed Thistle
Hops
Watercress
Black Cohosh
Wild Yam
Product Format
Daily supplement; Take 2 capsules daily. Each bottle contains 60 capsules.

Enhancement Gel; Apply to breast area twice daily, massaging in a circular motion.",Suitable for women aged 30+ who want to lift and plump their breasts.,"Total Curve Gel is available for sale in all countries with the exception of Afghanistan, Belarus, Botswana, Central African Republic, Congo, Democratic Republic of, Cuba, Egypt, Estonia, Iceland, India, International, Iran, Iraq, Lebanon, Libya, Malaysia, Mali, Mexico, Myanmar, North Korea, Norway, Palestine, State of, Peru, Russian Federation, Samoa, Somalia, South Africa, South Sudan, Sudan, Syrian Arab Republic, Thailand, Ukraine, Venezuela, Yemen, Zimbabwe.",https://www.totalcurve.com/ct/976241,,,,,,,,,,,,,,,,,
,,GenF20.com,GenF20 Plus?,"GenF20 Plus? is the #1 rated HGH Releaser available on the market today, targeting those who wish to fight aging and restore youthful appearance and vitality. It's a clear winner in the anti-aging market space where there are imposters abound; GenF20 Plus? stands out not only because it's safe, affordable, and doctor endorsed -- but because it's also enthusiastically recommended by clients.","Attention: No affiliate shall make reference to the products SeroVital, GF-9, Thrive, or any other product from Basic Research LLC or SanMedica International LLC.
Product Overview
GenF20 Plus? is the #1 rated HGH Releaser available on the market today, targeting those who wish to fight aging and restore youthful appearance and vitality.

It's a clear winner in the anti-aging market space where there are imposters abound; GenF20 Plus? stands out not only because it's doctor endorsed -- but because it's enthusiastically recommended by clients.

As you age, your HGH (human growth hormone) levels begin to drop off.

And as science has proven, this decrease in HGH directly correlates to how rapidly your body begins to age, affecting everything from your appearance (sagging, wrinkles) to your muscle tone, fat retention, memory, sex drive, energy levels, and more!

GenF20 Plus? helps your body to safely and naturally restore the HGH levels of your youth, literally REVERSING aging, all without costly and potentially dangerous injections of synthetic HGH.

It's a dietary supplement known as an ""HGH Releaser"" that contains a special, scientifically formulated combination of amino acids, nutrients, and peptides...

... All designed to kick start your pituitary gland into NATURALLY releasing more of your own HGH!

Benefits can include a more youthful appearance, increased muscle tone, fat loss, increased metabolism, a super-charged sex drive, boundless energy, and more.

For the vast majority of individuals, invasive surgeries and expensive anti-aging injections are simply out of the question. Yet they're still seeking an anti-aging solution...

... Safe, affordable, and doctor endorsed as a 100% natural HGH Releaser, GenF20 Plus? presents an exciting income opportunity for affiliates interested in the anti-aging market space.

Doctor Endorsements

See how our products are backed by real doctors, unlike competitor sites with false doctor endorsements, potentially putting yourself at legal risk for adertising them. We're actually the only company out of our competition that can back up why we're the best!

Dr. Steven Lamm, M.D.
Throughout my career as a doctor, researcher and author, I am constantly investigating new solutions and supplements that I can share with my patients to help them improve the quality of their life as they age, and that is why I want to introduce you to GenF20 Plus, a powerful, all-natural human growth hormone releaser.

Product Format
Daily supplement; each box contains 120 tablets, a one-month supply.","Suitable for both men and women aged 21 to 60+ who wish to reverse the effects of aging to enjoy a more youthful appearance, increased energy, weight loss, improved sex drive, and more.","GenF20 Plus is available for sale in all countries with the exception of Afghanistan, Belarus, Botswana, Central African Republic, Congo, Democratic Republic of, Cuba, Egypt, Estonia, Iceland, India, International, Iran, Iraq, Lebanon, Libya, Malaysia, Mali, Myanmar, North Korea, Norway, Palestine, State of, Peru, Russian Federation, Samoa, Somalia, South Africa, South Sudan, Sudan, Syrian Arab Republic, Thailand, Ukraine, Venezuela, Yemen, Zimbabwe.",https://www.genf20.com/ct/976241,,,,,,,,,,,,,,,,,
,,Confitrol24.com,Confitrol24?,Confitrol24? is a high quality bladder leakage supplement that helps the estimated 13 million people who suffer from incontinence (in the US alone!) live without the embarrassment of leakage and frequent urination.,"Product Overview
This isn't just another supplement for folks with bladder leakage...

It's a life-changer for millions of potential customers. Yes, really - Confitrol24? helps men and women reduce embarrassing urine leakage and that sudden urge to run to a toilet. It promotes urinary tract health and anti-aging effects of the bladder.

But there's a lot more to Confitrol24? than just bladder control. It's made with a powerful proprietary blend that is developed by doctors and clinically proven called Urox?. Shown to reduce night time urination by 50%, Confitrol24? can have an immeasurable impact on quality of life for many of your potential customers!

Confitrol24?'s Competitive Advantages:
Confitrol24? brings you plenty of competitive advantages that you can use for your benefit. These include:

Urox? Proprietary Blend - Urox? is a proprietary blend of three nutrients that work synergistically to support bladder tone and healthy urinary tract function.

Designed By Doctors - Doctors designed the Confitrol24? formula, and used their medical expertise to make a product that works very well!

Clinically Shown Results - The Urox? blend has been clinically tested and shown to reduce daytime urinary frequency, night urination, bladder accidents and need to wear incontinence pads.

High Quality Natural Ingredients - We use only high quality natural ingredients - and we put them together at a cGMP-compliant facility in the United States!","Confitrol24? is for men and women 21+ who want to live without the embarrassment, discomfort and lower quality of life caused by bladder leakage and frequent urination. Confitrol24? is sold and shipped worldwide.","HerSolution Confitrol 24 is available for sale in all countries with the exception of Afghanistan, Belarus, Botswana, Central African Republic, Congo, Democratic Republic of, Cuba, Egypt, Estonia, Iceland, India, International, Iran, Iraq, Lebanon, Libya, Malaysia, Mali, Mexico, Myanmar, North Korea, Norway, Palestine, State of, Peru, Russian Federation, Samoa, Somalia, South Africa, South Sudan, Sudan, Syrian Arab Republic, Thailand, Ukraine, Venezuela, Yemen, Zimbabwe.",https://www.confitrol24.com/ct/976241,,,,,,,,,,,,,,,,,
,,KollagenIntensiv.com,Kollagen Intensiv?,"The market for anti aging products, specifically for women, is astronomical. We are very excited to offer Kollagen Intensiv? to your female audience! The packages we have put together for this product include some amazing bonus items that convey spa like qualities for that woman who wants to treat herself to the very best.","Kollagen Intensiv?
Accelerate Your NATURAL Collagen Production In Just 84 Days
Here's a product suitable for promotion on almost ANY website targeted to women aged 35 and up.

Kollagen Intensiv? includes the very latest medical breakthroughs in natural collagen renewal, encouraging your skin to naturally increase collagen production for a visible reduction of wrinkles, fine lines, age spots, and more. Skin regains a more youthful appearance.

Rooted in Switzerland, the luxurious formulation of Kollagen Intensiv? contains the patented peptide, SYN?-COLL, which has been clinically proven to:

Increase your skin's natural production of collagen
Reduce the appearance of even the deepest lines and wrinkles
Firm and tone the skin for a more youthful appearance
Moisturize and hydrate the skin
Help repair damage including age spots and sun damage
With Kollagen Intensiv?, there's no need for expensive collagen injections that can run you $750-$2,800+ per year.

Product Format
Single jar contains 4 oz of Kollagen Intensiv?.","Women, aged 35 to 60+, who want to visibly improve skin's overall elasticity and flexibility while promoting higher levels of moisture retention on the cellular level for a more youthful appearance.","Kollagen Intensiv 2oz is available for sale in all countries with the exception of Afghanistan, Belarus, Botswana, Central African Republic, Congo, Democratic Republic of, Cuba, Egypt, Estonia, Iceland, India, International, Iran, Iraq, Lebanon, Libya, Malaysia, Mali, Mexico, Myanmar, North Korea, Norway, Palestine, State of, Peru, Russian Federation, Samoa, Somalia, South Africa, South Sudan, Sudan, Syrian Arab Republic, Thailand, Ukraine, Venezuela, Yemen, Zimbabwe.",https://www.kollagenintensiv.com/ct/976241,,,,,,,,,,,,,,,,,
,,GenFX.com,GenFX,"Typically any affiliate that has had strong success with GenF20 Plus in the #1 spot on their HGH review site also earns substantial commissions with GenFX in the #2 spot. GenFX is a solid performer in the HGH market with an extensive track record, strong customer testimonials, and credible doctor endorsements.","Attention: No affiliate shall make reference to the products SeroVital, GF-9, Thrive, or any other product from Basic Research LLC or SanMedica International LLC.
Product Overview
If you are looking for an HGH product to promote as #2 to GenF20 Plus then look no further. GenFX is a solid contender that has a loyal customer base driven by real results.

As the boomer population ages, HGH releasers are becoming more and more popular as an alternative to dangerous and expensive injections. This is a massive market of customers who are already aware of the anti-aging benefits HGH offers and are actively seeking out HGH releasers on the Internet.

Muscle building is another popular target market for HGH releasers as bodybuilders and weight lifters continue to look for supplements to give them the edge. And with HGH's track record of speeding recovery and growth, more and more athletes are turning to HGH releasers as a legal and cost effective source of increased HGH!

Product Format
Daily supplement; each box contains 60 capsules, a one-month supply.","Suitable for both men and women aged 21 to 60+ who wish to reverse the effects of aging to enjoy a more youthful appearance, increased energy, weight loss, improved sex drive, and more.","GenFX is available for sale in all countries with the exception of Afghanistan, Belarus, Botswana, Central African Republic, Congo, Democratic Republic of, Cuba, Egypt, Estonia, India, International, Iran, Iraq, Lebanon, Libya, Malaysia, Mali, Mexico, Myanmar, North Korea, Norway, Palestine, State of, Peru, Russian Federation, Samoa, Somalia, South Africa, South Sudan, Sudan, Syrian Arab Republic, Thailand, Ukraine, Venezuela, Yemen, Zimbabwe.",https://www.genfx.com/ct/976241,,,,,,,,,,,,,,,,,
,,DermeffaceFX7.com,Dermefface FX7?,"A scar is an unpleasant reminder that the body's been traumatized. And scars linger, to the point that many people try to hide them with make-up and clothing. You can tell your customers that's not necessary, however, because Dermefface FX7? Scar Reduction Therapy is a proven way to naturally erase those unflattering scars!","Dermefface FX 7? by Skinception?
Erase Scars!
What do a pencil and Dermefface FX7? Scar Reduction Therapy have in common? They both erase things. Only with Dermefface FX7? Scar Reduction Therapy, the canvas is the human body, and the reward is sexy skin with visibly faded scarring.

Hope that got your attention, because plenty of folks have scars they'd prefer to not have. And when you help erase those reminders of physical trauma and give these clients the sexy skin they desire, they'll be very grateful indeed. Translation: hefty commissions!

Your wallet is about to get bigger thanks to Dermefface FX7? Scar Reduction Therapy. Interested?

Dermefface FX7? Scar Reduction Therapy is a natural process that works with the skin's 28-day regeneration process. We've designed it to stimulate a healthy balance of collagen production, push 'scarred' skin cells to the surface where they're sloughed off and replaced by normal, healthy, vibrant and scar-free skin cells for the world to admire!

Product Format
Offered in a tube lasting thirty days. Applied twice daily, once in the morning and again in the evening.",Men and women age 21+ who want to increase their sex appeal and erase the embarrassment of scars on their skin.,"Dermefface FX7 is available for sale in all countries with the exception of Afghanistan, Belarus, Botswana, Central African Republic, Congo, Democratic Republic of, Cuba, Egypt, Estonia, Iceland, India, International, Iran, Iraq, Lebanon, Libya, Malaysia, Mali, Myanmar, North Korea, Norway, Palestine, State of, Peru, Russian Federation, Samoa, Somalia, South Africa, South Sudan, Sudan, Syrian Arab Republic, Thailand, Ukraine, Venezuela, Yemen, Zimbabwe.",https://www.dermeffacefx7.com/ct/976241,,,,,,,,,,,,,,,,,
,,Illuminatural6i.com,Illuminatural 6i?,"Hyper-pigmentation is hyper-embarrassing. Those age spots, moles, acne scars and dark areas make once beautiful complexion look uneven and blotchy. What's worse, most traditional skin brightening products use harmful chemicals linked to all sorts of health ailments. And this means? An ace in your hand, with Illuminatural 6i?, a safe and effective skin lightener for consumers who want great skin with even complexion.","Illuminatural6i? by Skinception?
Advanced Skin Lightener
Flawless Complexion Without Harmful Chemicals

The things some women will do to reduce dark spots on their skin are truly staggering. And it makes the demand for a safe, yet potent product for beautiful skin void of blemishes all the more apparent.

Fortunately for them, AND for you, Illuminatural 6i? is that vehicle. From the hot-selling Skinception? line of skin-care products, Illuminatural 6i? is strategically formulated with gentle ingredients to lighten the skin, with a visible reduction of:

moles
freckles
birth marks
age spots
acne scars
and more!
For the consumer that wants beautiful complexion with healthy, blemish-free skin, Illuminatural 6i? offers a proven treatment to reduce those unsightly dark spots. And they'll sleep better at night knowing that, unlike most skin brighteners, there are no harsh chemicals in the formula. No hydroquinone, no steroids, no bleach, no mercury.

Consumers love great complexion and they'd prefer to get it with a safe product they can afford. You bring them Illuminatural 6i?. They bring dollars to your bank account!

Product Format
Offered as a 30 mL bottle; a one month supply.","Women aged 21+ who want to enjoy beautiful complexion and reduce visibility of moles, age spots, sun spots, birth marks, acne scars and more.","Illuminatural 6i is available for sale in all countries with the exception of Afghanistan, Belarus, Botswana, Central African Republic, Congo, Democratic Republic of, Cuba, Egypt, Estonia, Iceland, India, International, Iran, Iraq, Lebanon, Libya, Malaysia, Mali, Mexico, Myanmar, North Korea, Norway, Palestine, State of, Peru, Russian Federation, Samoa, Somalia, South Africa, South Sudan, Sudan, Syrian Arab Republic, Thailand, Ukraine, Venezuela, Yemen, Zimbabwe.",https://www.illuminatural6i.com/ct/976241,,,,,,,,,,,,,,,,,
,,BrainPill.com,Brain Pill,"The ingredients in SellHealth's flagship nootropic supplement Brain Pill have been shown to help men & women to boost focus, increase mental energy, and reduce brain fog.","BrainPill?
Help People Keep Their Memory and Boost Intelligence!
Product Overview:
Memory loss really hits home. It's both sad and lonely - to say nothing of the decrease in productivity at work and the effects on family and friends.

BrainPill? was designed to address that, with a series of clinically studied natural nootropics that help clients:

Boost Memory
Increase Cognitive Skills
Have Faster Recall of Facts
Focus Better
Enhance Brain Power
Perform Under Pressure
Have Better Problem-Solving Skills
Eliminate Brain Fog and More
You'll make crazy amounts of money with BrainPill?, believe us. Recommend it to students, professionals - anyone who wants or needs their memory and related cognitive skills to be better.

It's their 'unfair advantage' - and yours too - because it converts like crazy and could buy you some very nice luxuries in life!

Product Format:
Each box has 60 capsules and should last a month. Recommended dosage is two capsules; once in the morning and again in the afternoon.","Men and women 21+, including students, professionals, and people who want to protect their memory as they get older.","Brainpill is available for sale in all countries with the exception of Afghanistan, Belarus, Botswana, Central African Republic, Congo, Democratic Republic of, Cuba, Egypt, Estonia, Germany, Iceland, India, International, Iran, Iraq, Ireland, Japan, Lebanon, Libya, Malaysia, Mali, Mexico, Myanmar, North Korea, Norway, Palestine, State of, Peru, Russian Federation, Samoa, Somalia, South Africa, South Sudan, Spain, Sudan, Syrian Arab Republic, Thailand, Ukraine, United Kingdom, Venezuela, Yemen, Zimbabwe.",https://www.brainpill.com/ct/976241,,,,,,,,,,,,,,,,,
Sexual Health,"In an industry filled with sketchy, even unsafe products, SellHealth is proud to feature nothing but premium sexual health supplements. Many products available in our network are doctor endorsed (often by video) and include client testimonials, many with illustrative picture proof of results. Plus, the marketing used is both tasteful AND effective, methodically tested to convert record-breaking sales.",VigRXPlus.net,VigRX Plus?,"VigRX Plus? has been one of the top-selling products for SellHealth affiliates for years. This doctor-endorsed formula smashes competing products:

Average order size: $160.77
50% commission rate
Backed by a clinical study
Sales pages for hetero & gay traffic
Sales pages in English, Spanish, Portuguese","Product Overview
For men who want bigger, harder, longer-lasting erections, there's now VigRX Plus?, our #1 best-selling male enhancement supplement.

It's a fresh twist on our already popular VigRX?, but has been designed to further enhance men's sexual functioning with the addition of three exciting new ingredients: Damiana, Tribulus, and Bioperine.

Damiana and Tribulus have been used for thousands of years by the Mayans and Europeans respectively to increase libido and treat erectile dysfunction, while Bioperine has been clinically proven to safely increase the absorption rates of the nutrients that it's combined with.

VigRX Plus? continues to be a top-earning product for SellHealth.com affiliates for two good reasons:

The marketing used is far superior to the competition, as we've methodically tested every aspect of our design, copy, and offer to convert record-breaking numbers of visitors into satisfied buyers.
It's doctor endorsed AND rated #1 for results by clients. In an industry filled with sketchy, even unsafe products, VigRX Plus? offers men proof of safety with video endorsements from REAL doctors, plus client testimonials with illustrative picture proof.
The marketing is tasteful, professional, and proven to convert traffic from an extremely wide range of websites and market spaces -- everything from general health information websites to adult oriented communities.

If you're unsure which SellHealth.com product you'd like to try promoting first, VigRX Plus? is always a good choice.

Doctor Endorsements

See how our products are backed by real doctors, unlike competitor sites with false doctor endorsements, potentially putting yourself at legal risk for adertising them. We're actually the only company out of our competition that can back up why we're the best!

Dr. Steven Lamm, M.D.
Throughout my career as doctor, researcher and author I am constantly investigating new solutions and supplements that I can share with my patients to help them improve the quality of their sex life and that is why when I found VigRX Plus? I was pleasantly surprised... Check out VigRXPlus.com for more!

Product Format
Daily supplement; each box contains 60 tablets, a one-month supply.","Suitable for men aged 21 to 60+ who wish to diminish the physical effects of aging on their sex lives, improve their erection quality and control, and enjoy a bigger appetite for sex with more intense orgasms.","VigRX Plus is available for sale in all countries with the exception of Afghanistan, Belarus, Botswana, Central African Republic, Congo, Democratic Republic of, Cuba, Egypt, Estonia, India, International, Iran, Iraq, Ireland, Japan, Lebanon, Libya, Malaysia, Mali, Mexico, Myanmar, New Zealand, North Korea, Palestine, State of, Russian Federation, Samoa, Somalia, South Africa, South Sudan, Sudan, Syrian Arab Republic, Thailand, Ukraine, Venezuela, Vietnam, Yemen, Zimbabwe.",https://www.vigrxplus.net/ct/976241,,,,,,,,,,,,,,,,,
,,Erectin.com,Erectin?,"Backed by a clinical study, Erectin? comes in a liquid gelcap for extended release.

Endorsed by surgeon Dr. Dave David
Rapid release liquid gel capsules for faster results
Increase nitric oxide production for rock-hard erections
High EPCs on organic male enhancement traffic","What separates Erectin? from other male enhancement offers?
Erectin? actually WORKS, and we have the clinical studies to prove it!

A 12-week clinical study on the Erectin? formula showed that men who took this supplement experienced an increase in sex drive of nearly 50% and a 71.43% increase in sexual satisfaction.

These results have been documented in the prestigious Journal of Urology, the official journal of the American Urological Association, and published in full detail in the peer-reviewed scholarly journal, BMC Complementary and Alternative Medicine.

The Erectin? formula includes:

Muira Puama Bark Extract - The Ancient ""Little Blue Pill"" of the Amazon Rainforest
Chinese Hawthorn - The Powerful ""Shan Zha"" Vasodilator
Tribulus Terrestris Seed Extract - The Incredibly Thorny Libido Booster
Catuaba Bark - The ""Tupi"" Secret for Unmatched Sexual Prowess
Saw Palmetto - The Testosterone Boosting Berries
Damiana Leaf - A Powerful Tonic for Boosting Sexual Performance
Ginkgo Biloba Extract - Immediate Blood Flow
Korean Red Ginseng - The Legendary Nitric Oxide Booster
Cuscuta Chinensis - A ""Parasitic"" Aphrodisiac Exploding with High-Powered Phytochemicals
Epimedium - Special ""Grass"" Improves Erection Function
Bioperine Black Pepper - The Most Trusted Supplement ""Supercharger"" for Superior Results
This powerhouse of ingredients are not only going to make buyers you refer with your affiliate link happy... It'll keep them coming back to you for more!

For social proof, be sure to leverage the endorsement by Dr. Dave David, a world renowned surgeon that has made appearances on CNN, The Fox News Channel and also has been a guest on dozens of talk shows, including The Jenny Jones Show, NBC's Alive and Wellness, The Food Network and others.

Compliance Note: Resellers are NOT permitted to purchase Erectin. This offer is for affiliates only. Individuals who are caught reselling Erectin will be banned from the SellHealth platform, and all commissions will be revoked.",,"Erectin is available for sale in all countries with the exception of Afghanistan, Belarus, Botswana, Brazil, Central African Republic, Congo, Democratic Republic of, Cuba, Egypt, Estonia, Iceland, India, International, Iran, Iraq, Ireland, Lebanon, Libya, Malaysia, Mali, Mexico, Myanmar, North Korea, Norway, Palestine, State of, Peru, Russian Federation, Samoa, Somalia, South Africa, South Sudan, Sudan, Syrian Arab Republic, Thailand, Ukraine, Venezuela, Yemen, Zimbabwe.",https://www.erectin.com/ct/976241,,,,,,,,,,,,,,,,,
,,Semenax.com,Semenax?,"Semenax? is for men who want to increase their semen volume for bigger, more intense orgasms:

Average order size: $131.03
40% commission rate
Backed by a clinical study
Sales pages for hetero & gay traffic
Sales pages in English, Spanish, French, Arabic","Product Overview
There are a number of reasons why men actively seek to increase the volume of their ejaculations:

Bigger, more intense orgasms; increased fertility; visual appeal, and more.

So at our clients request, we had our team of sexual health scientists and professionals use the very latest in medical science, research, and testing to formulate Semenax?.

This daily supplement is a 100% safe, propriety combination of amino acids plus potent herbal concentrates, all proven over decades to stimulate sexual activity and increase semen and sperm production in the testes.

Semenax? makes larger volumes of fluid and sperm available for each orgasm, which in turn means more contractions to release it all -- with stronger, more pleasurable orgasms.

And increased sperm production naturally results in increased fertility!

But that's not all. Semenax? customers also report overall increased libido and even increased erectile hardness.

It's the perfect complement to VigRX Plus?, and VigRX Oil.

And with extremely limited competition and sizeable consumer demand, it's an innovative product that allows you to approach the male enhancement market from a unique perspective.

Product Format
Daily supplement; each bottle contains 120 capsules, a one-month supply.",Suitable for men aged 21 to 60+ who wish to increase their sexual pleasure with more intense orgasms and/or increase their fertility.,"Semenax is available for sale in all countries with the exception of Afghanistan, Bangladesh, Belarus, Belgium, Botswana, Central African Republic, Congo, Democratic Republic of, Cuba, Egypt, Estonia, France (European Territory), Iceland, India, International, Iran, Iraq, Lebanon, Libya, Malaysia, Mali, Mexico, Myanmar, North Korea, Norway, Palestine, State of, Peru, Russian Federation, Samoa, Somalia, South Africa, South Sudan, Sudan, Syrian Arab Republic, Thailand, Ukraine, United Arab Emirates, Venezuela, Yemen, Zimbabwe.",https://www.semenax.com/ct/976241,,,,,,,,,,,,,,,,,
,,VolumePills.com,Volume Pills,"Like Semenax, Volume Pills is a potent formulation designed to help men increase the volume of their ejaculation for bigger, more intense orgasms, increased fertility, and visual appeal. And although it converts extremely well as a standalone enhancement product, it also works extremely well when used in combination with ProSolution Pills.","Product Overview
There are a number of reasons why men actively seek to increase the volume of their ejaculations including bigger, more intense orgasms, increased fertility and more visual appeal with a ""stronger finish"".

And with a track record spanning almost a decade, Volume Pills has strong brand recognition and a loyal following in the male sexual enhancement industry.

Volume Pills is a 100% safe, propriety combination of potent herbal concentrates, all proven over decades to stimulate sexual activity and increase semen production in the testes.

Volume Pills makes larger volumes of fluid and sperm available for each orgasm, which in turn means more contractions to release it all -- with stronger, more pleasurable orgasms.

It's the perfect complement to ProSolution Pills and ProSolution Gel.

This is a terrific niche market with high demand for related search terms and limited competition. So if you already have a website promoting male enhancement products, by simply adding both Volume Pills and Semenax under a ""Volume Enhancer"" category, you will make more money!

Product Format
Daily supplement; each box contains 60 tablets, a one-month supply.",Suitable for men aged 21 to 60+ who wish to increase their sexual pleasure with more intense orgasms and/or increase their fertility.,"Volume Pills is available for sale in all countries with the exception of Afghanistan, Belarus, Belgium, Botswana, Central African Republic, Congo, Democratic Republic of, Cuba, Egypt, Estonia, Iceland, India, International, Iran, Iraq, Lebanon, Libya, Malaysia, Mali, Mexico, Myanmar, North Korea, Norway, Palestine, State of, Peru, Russian Federation, Samoa, Somalia, South Africa, South Sudan, Sudan, Syrian Arab Republic, Thailand, Ukraine, Venezuela, Yemen, Zimbabwe.",https://www.volumepills.com/ct/976241,,,,,,,,,,,,,,,,,
,,VigrxMaxVolume.co,VigRX Max Volume,"VigRX Max Volume is a semen volume enhancer that's been formulated to increase the pleasure and intensity of men's orgasms.

This offer is an outstanding 3rd option for semen volume enhancer supplements to promote next to Semenax? & Volume Pills.","Product Overview
Semen Volume Booster - VigRX Max Volume

Over the last two years, semen volume enhancers have become one of the hottest male enhancement niches.

Semenax? consistently leads the field of these supplements since it has the highest search volume, best name recognition, and is the only volume enhancer that's backed by a clinical study.

We like VigRX Max Volume as a great 3rd offer to round out a ""Best Semen Volume Enhancers"" review page, with Semenax? and Volume Pills at #1 and #2.

Ingredients
Zinc (as Zinc Citrate) 40mg
Sunflower Lecithin 1000 mg
L-Arginine HCl 100mg
AstraGin? 50mg
Product Format
Daily supplement; Take 4 capsules once a day. Each bottle contains 120 capsules, a one-month supply.",Suitable for men aged 21 to 60+ who wish to increase their sexual pleasure with more intense orgasms and/or increase their fertility.,"VigRX Max Volume is available for sale in all countries with the exception of Afghanistan, Belarus, Botswana, Central African Republic, Congo, Democratic Republic of, Cuba, Egypt, Estonia, Iceland, India, International, Iran, Iraq, Lebanon, Libya, Malaysia, Mali, Mexico, Myanmar, North Korea, Norway, Palestine, State of, Peru, Russian Federation, Samoa, Somalia, South Africa, South Sudan, Sudan, Syrian Arab Republic, Thailand, Ukraine, Venezuela, Yemen, Zimbabwe.",https://www.vigrxmaxvolume.co/ct/976241,,,,,,,,,,,,,,,,,
,,ProsolutionPlus.com,ProSolution Plus,"Want a near-monopoly on a problem that affects up to 30% of guys? ProSolution Plus is clinically proven to improve premature ejaculation by up to 64%. What's more, it's one of the VERY FEW natural supplements available for guys with this devastating issue. You help'em out and make piles of cash while you do it!","Product Overview
ProSolution Plus is Clinically Proven to Improve Premature Ejaculation By Up to 64%

Play your cards right and ProSolution Plus could make you rich. Here's why:

Roughly 30% of guys struggle with premature ejaculation. And it bothers them - a study published in The Journal of Sexual Medicine reveals that guys with premature ejaculation are more likely to say they're 'personally' or 'extremely distressed'.

Yet solutions for this problem are very hard to find. Hard...but not impossible. See, the makers of ProSolution Pills have tested and launched a new product with encouraging stats, including:

64% improvement in premature ejaculation
67% improvement in erectile quality
48% improvement in sexual function
78% improvement in overall sexual satisfaction
The product is ProSolution Plus, an all-natural and doctor-approved way to address this devastating issue - discreetly - and enjoy more sex and satisfaction with it.

And the competition? Let's just say that it's VERY LOW. ProSolution Plus is one of the ONLY major enhancement products that are proven to help guys naturally address premature ejaculation.

Put another way, you've got close to a monopoly with ProSolution Plus - which is also a top-rated male libido supplement - offering guys a discreet, non-prescription vehicle to regain their confidence.

The rewards will be huge: great conversions, repeat sales and a highly lucrative niche that could have you living the good life very quickly!

Product Format
Daily supplement; each box contains 60 tablets, a one-month supply.","Men age 21+ who want a rewarding sex life, with less premature ejaculation, erectile issues and higher overall quality of life.","ProSolution Plus Pills is available for sale in all countries with the exception of Afghanistan, Belarus, Botswana, Central African Republic, Congo, Democratic Republic of, Cuba, Egypt, Estonia, Iceland, India, International, Iran, Iraq, Lebanon, Libya, Malaysia, Mali, Mexico, Myanmar, North Korea, Norway, Palestine, State of, Peru, Russian Federation, Samoa, Somalia, South Africa, South Sudan, Sudan, Syrian Arab Republic, Thailand, Ukraine, Venezuela, Yemen, Zimbabwe.",https://www.prosolutionplus.com/ct/976241,,,,,,,,,,,,,,,,,
,,ErectinGummies.com,Erectin? Male Enhancement Gummies,Erectin? Male Enhancement Gummies are designed to help men perform on-demand with confidence in the bedroom. That's because this award winning formula significantly boosts blood flow within 30 minutes and improves blood flow circulation for 24 hours helping produce harder erections when the mood strikes.,"Product Overview
Did you know 1 out of every 3 men struggle with erection problems in the USA? That?s HUGE. It means over 40,000,000 Americans are suffering from frustrating sexual issues. Bedroom problems that are ruining sex lives and sadly, destroying marriages every single day.

So what's the main cause of erection and sexual performance problems?

Low nitric oxide.

We've created Erectin? Male Enhancement Gummies with a 100% Rapid-Erection Breakthrough Formula Made With Beets & Six EXTRA Nitric Oxide Boosting Ingredients that are Scientifically Proven to Boost Blood Flow in 30 Minutes giving men the chance to rock those erections they haven't had since their early 20s.

Another amazing part about Erectin? Gummies is that it could also help boost your libido because studies show beets improve 24-hour blood flow circulation which is critical for shifting your sex drive into TOP GEAR!

Keyword Suggestions
Please review the SellHealth keyword list for suggestions.

Top keywords will include: Male Enhancement Gummies, Penis Enlargement Gummies, Male Enhancement Supplements, Nitric Oxide Booster, Nitric Oxide Support Gummies.

Ingredients
Beet Root
Grape Seed Extract
L-Citrulline
L-Arginine
Vitamin C
Vitamin B12
Niacin
Product Format
Daily supplement; Take 2 gummies daily. Each bottle contains 60 gummies, a one month supply.","Suitable for men aged 30+ who want to improve their erections and sex drive, increase blood flow, improve cardiovascular health, and boost nitric oxide levels.","Erectin Male Enhancement Gummies is available for sale in all countries with the exception of Afghanistan, Belarus, Botswana, Central African Republic, Congo, Democratic Republic of, Cuba, Egypt, Estonia, Iceland, India, International, Iran, Iraq, Lebanon, Libya, Malaysia, Mali, Mexico, Myanmar, North Korea, Norway, Palestine, State of, Peru, Russian Federation, Samoa, Somalia, South Africa, South Sudan, Sudan, Syrian Arab Republic, Thailand, Ukraine, Venezuela, Yemen, Zimbabwe.",https://www.erectingummies.com/ct/976241,,,,,,,,,,,,,,,,,
,,ProsolutionPills.com,ProSolution Pills,"This potent male enhancement product has been an industry leader for over a decade with excellent customer results & top-notch support. Combine that with fantastic conversions, return sales, up-sells, and cross-product sales, and ProSolution Pills should definitely be on any male enhancement review site that wants to maximize commissions.","Product Overview
ProSolution Pills has been a leader in the male enhancement industry for the past decade!

With a patented combination of the very best male potency ingredients, many used for centuries to increase male sexual appetite, interest, and responsiveness, customer satisfaction is second to none.

ProSolution Pills includes two trademarked ingredients, Solidilin and Drilizen that give what we like to call ""the extra kick."" Together, it creates a powerful calibration designed to increase your body's natural production of nitric oxide, promote the dilation of blood vessels, producing harder, faster, longer erections, relax the muscle that allows blood to flow into the penis, and increase your testosterone.

Combine this powerful formulation with...

Endorsements from credible medical authorities including doctors, psychologists and herbalists.
A website that has been continually refined and redeveloped to yield the highest possible conversions and sales.
An industry leading guarantee.
Incredible incentives that dramatically increase average order value... and your commission checks!
... and you have a guaranteed winner!

So if you currently have a sexual health or product review site targeting male products we would definitely recommend promoting BOTH ProSolution Pills and VigRX Plus, testing different placements to see which combination your audience responds to best!

Product Format
Daily supplement; each box contains 60 tablets, a one-month supply.","Suitable for men aged 21 to 60+ who wish to diminish the physical effects of aging on their sex lives, improve their erection quality and control, and enjoy a bigger appetite for sex with more intense orgasms.","ProSolution Pills is available for sale in all countries with the exception of Afghanistan, Belarus, Botswana, Central African Republic, Congo, Democratic Republic of, Cuba, Egypt, Estonia, Iceland, India, International, Iran, Iraq, Lebanon, Libya, Malaysia, Mali, Mexico, Myanmar, North Korea, Norway, Palestine, State of, Peru, Russian Federation, Samoa, Somalia, South Africa, South Sudan, Sudan, Syrian Arab Republic, Thailand, Ukraine, Venezuela, Yemen, Zimbabwe.",https://www.prosolutionpills.com/ct/976241,,,,,,,,,,,,,,,,,
,,TestRX.com,TestRX? ,"Want to make money off the muscle crowd? Push TestRX? - it's a natural testosterone booster that helps guys smash through barriers in the gym and get bigger muscles, more energy and even better virility!","TestRX?
Boosts Testosterone
For Guys Who Want Bigger Muscles!
Product Overview:
Sex and muscles. That's not a hard sell, and it's the main reason why TestRX? natural bodybuilding testosterone supplement could make your pockets very heavy.

TestRX? boosts testosterone naturally. This helps with protein synthesis and helps guys:

Have Bigger Muscle Growth
Get More Energy
Recover Faster
Smash Through Barriers
Get a Head-Turning Body!
You can also mention that TestRX? has ZMA - zinc monomethionine aspartate, magnesium aspartate and vitamin B6 (pyridoxine), which helped NCAA football players 'significantly' boost HGH and testosterone in a clinical study.

And the part about how TestRX? can get your clients more sex?

Studies on the ingredients in TestRX? show they increase male virility in addition to building muscles (because it increases testosterone). Yet they'll have the body to attract more women with TestRX? , be it their married partner or for a little fun if they're unattached.

Your angle - sell TestRX? as the natural bodybuilding supplement guys can use to boost testosterone naturally and bust through barriers to bigger muscle growth.

Your clients get bigger and look like alpha dogs as a result - and YOU will get a whole lot richer thanks to TestRX? and its winning formula!

Product Format:
Each box contains 120 capsules of TestRX? and lasts one month.",Men age 21+ who are active and want bigger muscles and ongoing athletic potential without needles.,"TestRX 120 is available for sale in all countries with the exception of Afghanistan, Belarus, Botswana, Central African Republic, Congo, Democratic Republic of, Cuba, Egypt, Estonia, Iceland, India, International, Iran, Iraq, Lebanon, Libya, Malaysia, Mali, Mexico, Myanmar, North Korea, Norway, Palestine, State of, Peru, Russian Federation, Samoa, Somalia, South Africa, South Sudan, Sudan, Syrian Arab Republic, Thailand, Ukraine, Venezuela, Yemen, Zimbabwe.",https://www.testrx.com/ct/976241,,,,,,,,,,,,,,,,,
,,BuyExtenze.com,Extenze?,"With over one billion pills sold, Extenze? is one of the most well-known male enhancement supplements. These gel caps are formulated for extended-release and are an excellent product to promote as an alternative to VigRX Plus.","Product Overview
While results vary, studies typically report that 55-75% of men are dissatisfied with the size of their penis.

Extenze? aims to help men increase their overall sexual confidence and enjoyment by enhancing their erection size while also improving their overall orgasm quality and control.

Its all-natural formulation makes it an affordable, SAFE alternative to prescription drugs. (No embarrassing or inconvenient trips to the doctor are required.)

And it comes in a once-a-day formula, making it more convenient than the majority of male enhancement supplements on the market today which require that you take 2-3 capsules per day.

Get started promoting Extenze? today with any of the professionally designed marketing collateral included below!

Product Format
Each package contains 30 soft gelcaps, a one-month supply.","Suitable for men aged 21 to 60+ who wish to diminish the physical effects of aging on their sex lives, improve their erection quality and control, and enjoy a bigger appetite for sex with more intense orgasms.","Extenze is available for sale in all countries with the exception of Afghanistan, Belarus, Botswana, Canada, Central African Republic, Congo, Democratic Republic of, Cuba, Egypt, Estonia, France (European Territory), Iceland, India, International, Iran, Iraq, Lebanon, Libya, Malaysia, Mali, Mexico, Myanmar, North Korea, Norway, Palestine, State of, Peru, Russian Federation, Samoa, Somalia, South Africa, South Sudan, Sudan, Syrian Arab Republic, Thailand, Ukraine, Venezuela, Yemen, Zimbabwe.",https://www.buyextenze.com/ct/976241,,,,,,,,,,,,,,,,,
,,ErectinGel.com,Erectin? Gel,"Erectin? Gel is made with four erection-hardening compounds and absorption enhancers. This gel is made with the goal of helping men:

Improve Erectile Function
Improve Sexual Desire
Improve Orgasmic Function
Intercourse Satisfaction","Main keywords to focus on:
Best enlargement cream for men, best enlargement cream for male, penis enlargement cream, male enhancement creams. Please see the SellHealth keyword list for additional suggestions.

Erectin Stimulating Gel works by encouraging the production of Nitric Oxide directly inside the shaft of the penis.

That?s because our formula is made with powerful erection stimulating compounds. These compounds quickly absorb through the skin of your penis boosting nitric oxide levels.

Ingredients:
Erectin Gel uses 4 ingredients to help increase blood flow, and 4 ingredients to help with absorption:

Saffron - Contains powerful antioxidants. These antioxidants help boost Nitric Oxide production.

L-Arginine - Your body converts L-Arginine into Nitric Oxide. Applying L-Arginine topically is scientifically validated to encourage blood flow.

Vitamin C - There's exciting research supporting Vitamin C as a major player in erection hardness. Vitamin C supports the process of Nitric Oxide development.

Bearberry - We chose Bearberry as the fourth erection-hardening compound for good reason. This little bright red berry is loaded with powerful antioxidants. Antioxidants are critical for increasing Nitric Oxide levels.

Absorption-Enhancer #1: Menthol - Menthol opens up the ""pathways"" for quickly delivering all four erection-hardening compounds straight into the penis.

Absorption-Enhancer #2: Aloe Vera - Help increase the speed of results!

Absorption-Enhancer #3: Algae Extract - It acts as a natural hydrater and even improves skin elasticity.

Absorption-Enhancer #4: Mango Butter - Acts as an all-natural ""taxi"" driving the four powerful erection-hardening compounds directly into the deeper layers of penis tissue.

Using Erectin Stimulating Gel is simple for men:
Step #1: First, they apply a small amount to the shaft of the penis.

Step #2: Next, massage the gel into the penis until fully absorbed.

Step #3: Finally, enjoy the benefits of a firm erection!",,"Erectin Gel is available for sale in all countries with the exception of Afghanistan, Belarus, Botswana, Central African Republic, Congo, Democratic Republic of, Cuba, Egypt, Estonia, Iceland, India, International, Iran, Iraq, Lebanon, Libya, Malaysia, Mali, Mexico, Myanmar, North Korea, Norway, Palestine, State of, Peru, Russian Federation, Samoa, Somalia, South Africa, South Sudan, Sudan, Syrian Arab Republic, Thailand, Ukraine, Venezuela, Yemen, Zimbabwe.",https://www.erectingel.com/ct/976241,,,,,,,,,,,,,,,,,
,,VigRXOil.com,VigRX Oil?,Topical male enhancement product used to improve sexual pleasure. 73% of men surveyed who used VigRX Oil? got an erection in a minute or less. Promote along with VigRX Plus? for a powerful combination.,"Product Overview
Want to give your affiliate income an INSTANT boost?

Start promoting VigRX Oil? in conjunction with any of our top-rated male enhancement supplements, VigRX Plus?, VigRX? or VigRX? Delay Spray.

It's the perfect complement, because unlike oral supplements which can take up to 30 to 60 days to fully kick into gear, with VigRX Oil?, there's no waiting for results.

This clinically proven formula instantly intensifies every aspect of men's sexual performance and pleasure. No prescriptions are required, and there are no unpleasant side effects.

It's a break-through formulation that includes botanical extracts, vitamin complexes, and antioxidants that go straight into the tissues of the penis for fast, targeted, immediate results.

It's even condom compatible... non-greasy... contains NO artificial colors or fragrance... NO petrochemicals... and it's even great for oral sex!

And how many men's lubes can claim they're DOCTOR ENDORSED! That's right, VigRX Oil? has earned approval and accolades from a number of well-respected medical professionals, with their written and video endorsements featured on the VigRX Oil? site!

VigRX Oil? is frequently offered as an upsell for various male enhancement products in the SellHealth.com network.

So whether you choose to promote it as a frontend product, or simply mention it to ensure increased sales on the BACKEND via *our* scientifically tested and proven upsells, you're guaranteed to earn generous commissions either way!

Product Format
Tube of topical male enhancement oil to be applied daily and prior to sex to increase overall pleasure and performance.",Suitable for men aged 21 to 60+ who want fast results in enhancing their erection quality and overall sexual performance.,"VigRX Oil is available for sale in all countries with the exception of Afghanistan, Belarus, Botswana, Central African Republic, Congo, Democratic Republic of, Cuba, Egypt, Estonia, Iceland, India, International, Iran, Iraq, Lebanon, Libya, Malaysia, Mali, Mexico, Myanmar, North Korea, Norway, Palestine, State of, Peru, Russian Federation, Samoa, Somalia, South Africa, South Sudan, Sudan, Syrian Arab Republic, Thailand, Ukraine, United Arab Emirates, Venezuela, Yemen, Zimbabwe.",https://www.vigrxoil.com/ct/976241,,,,,,,,,,,,,,,,,
,,VigRXDelaySpray.com,VigRX? Delay Spray,"You'll make a killing with VigRX? Delay Spray. The convenient male desensitizer spray helps guys delay orgasm so they last longer. That alone can make you rich, but upsell it with VigRX Plus? or Semenax? and you're just rolling in cash!","Product Overview
The 'Last Longer In Bed' Spray With the VigRX? Name On it!
The VigRX? name makes some affiliates extraordinarily wealthy. You may be among them when you promote VigRX? Delay Spray - a male desensitizer spray that helps guys:

Last longer in bed
Delay orgasm
Prolong sexual pleasure
Give multiple orgasms to women
Make sex AMAZING
It's pretty simple. They spray on VigRX? Delay Spray and rub it into their penile tissue. The product is formulated with a mild anesthetic, called benzocaine, which makes the penis less sensitive to stimuli.

Basically, it tells the nerves to relax and enjoy the ride. Guys last longer as a result - sometimes north of 20 minutes and they prolong their pleasure.

In fact, VigRX? Delay Spray has two logical upsells. Get your clients to buy it with VigRX Plus? and they boost their sex drive and erection size.

Just as enjoyable - and profitable for YOU - is when guys buy VigRX? Delay Spray with Semenax?. They last longer and have the biggest orgasm ever when they decide to climax.

Frankly, you may get the same pleasure when you see what this does to the size of your commissions with VigRX? Delay Spray!

Product Format:
50ml (1.7 fl. oz.) spray bottle.",Men 21+ who ejaculate earlier than they wish or who simply want to make sex thrilling for both partners.,"Estonia, Iceland, India, International, Iran, Iraq, Lebanon, Libya, Malaysia, Mali, Mexico, Myanmar, North Korea, Norway, Palestine, State of, Peru, Russian Federation, Samoa, Somalia, South Africa, South Sudan, Sudan, Syrian Arab Republic, Thailand, Ukraine, United Arab Emirates, Venezuela, Yemen, Zimbabwe.",https://www.vigrxdelayspray.com/ct/976241,,,,,,,,,,,,,,,,,
,,ProsolutionGel.com,ProSolution Gel,"ProSolution Gel is the ultimate arousal and control cream. With pills it takes time to get results, but with ProSolution Gel you can get results in literally seconds! By simply applying ProSolution Gel to your penis, not only will you stimulate an instant erection, it will also give you added control helping prevent premature ejaculation.","Product Overview
When ProSolution Gel is applied to the penis not only will you increase the size of an erection but also the sensitivity of the erection.

ProSolution Gel has successfully converted in many different markets and with many different forms of promotion. Many affiliates have found that promotion of ProSolution Gel in adult related content has proven to be very profitable while others have found fortune in selected search terms dealing with erection enhancement.

ProSolution Gel works within seconds and this is a great marketing selling point. Whereas ProSolution Pills do not work instantly, ProSolution Gel has immediate results. Be sure to remember this when setting up your marketing campaign.

ProSolution Gel is flat out the best product to promote in conjunction with ProSolution Pills and Volume Pills. So our advice here is to market ProSolution Gel on its own and as a great product to make your experience with ProSolution Pills and Volume Pills that much more enjoyable.

Product Format
60 ml Tube of topical male enhancement oil to be applied daily and prior to sex to increase overall pleasure and performance.",Suitable for men aged 21 to 60+ who want fast results in enhancing their erection quality and overall sexual performance.,"ProSolution Gel is available for sale in all countries with the exception of Afghanistan, Belarus, Botswana, Central African Republic, Congo, Democratic Republic of, Cuba, Egypt, Estonia, Iceland, India, International, Iran, Iraq, Lebanon, Libya, Malaysia, Mali, Mexico, Myanmar, North Korea, Norway, Palestine, State of, Peru, Russian Federation, Samoa, Somalia, South Africa, South Sudan, Sudan, Syrian Arab Republic, Thailand, Ukraine, Venezuela, Yemen, Zimbabwe.",https://www.prosolutiongel.com/ct/976241,,,,,,,,,,,,,,,,,
,,Provestra.com,provestra?,"Demand for Provestra? has been growing exponentially in the last few years as women's sexual health issues have taken center stage in the media. Scientifically formulated with the highest quality herbs, nutrients, and aphrodisiacs, Provestra? is designed to rekindle desire while improving lubrication and sexual response by increasing blood flow to the vaginal and clitoral regions. A hot opportunity right now!","Product Overview
Wondering what the next ""big thing"" will be in the health supplements market space?

Pay close attention to women's sexual health supplements!

In the last couple of years, women have been talking more freely about their sexual health concerns and needs. Just watch any women's daytime television talk show and you'll see women freely discussing issues that, just five years ago, were considered strictly taboo, not mentioned among even the closest of friends.

And that's what makes Provestra? such an exciting opportunity!

Provestra? has been scientifically formulated with a blend of the highest quality herbs, nutrients, and aphrodisiacs...

... All designed to help gently rekindle desire while improving lubrication and sexual response by increasing blood flow to the vaginal and clitoral regions.

Doctor endorsed and highly recommended by our clients, Provestra? has even been featured on Fox News!

And we've recently finished a complete overhaul of the design and marketing collateral for Provestra?, so it's converting sales better than ever!

It's also worth noting that Provestra? is the perfect complement to Vigorelle -- our popular arousal enhancement cream for women.

Our testing has shown promoting these two products together can result in even HIGHER commission earnings!

Get started promoting Provestra? today, while it's still a hot opportunity!

Doctor Endorsements
See how our products are backed by real doctors, unlike competitor sites with false doctor endorsements, potentially putting yourself at legal risk for adertising them. We're actually the only company out of our competition that can back up why we're the best!

Product Format
Daily supplement; each box contains 30 capsules, a one-month supply.","Women aged 25 to 60 interested in increasing their desire for and enjoyment of sex. Women who are dealing with hormonal issues (i.e. post-pregnancy, premenstrual, menopausal, etc.) make a particularly good target audience for this product.","Provestra is available for sale in all countries with the exception of Afghanistan, Belarus, Botswana, Central African Republic, Congo, Democratic Republic of, Cuba, Egypt, Estonia, France (European Territory), Iceland, India, International, Iran, Iraq, Lebanon, Libya, Malaysia, Mali, Mexico, Myanmar, North Korea, Norway, Palestine, State of, Peru, Russian Federation, Samoa, Somalia, South Africa, South Korea, South Sudan, Sudan, Syrian Arab Republic, Thailand, Ukraine, Venezuela, Yemen, Zimbabwe.",https://www.provestra.com/ct/976241,,,,,,,,,,,,,,,,,
,,Vigorelle.com,Vigorelle?,"Vigorelle? is our leading female libido enhancement product. It's an all-natural herbal cream that's activated by touch, described as an ""instant turn-on cream."" Vigorelle? converts extremely well when promoted to both women AND men, as men like to purchase it as a gift for their partners. Consider promoting Vigorelle? alongside our complementary women's libido boosting supplement, Provestra?, for even bigger commissions!","Product Overview
Vigorelle? is our leading female libido enhancement product. It's an all-natural herbal cream that's activated by touch.

Interestingly, Vigorelle? converts extremely well when promoted to both women AND men, as men like to purchase it as a gift for their partners.

And it's no wonder... Described as an ""instant turn-on cream,"" Vigorelle? is applied to women's most intimate areas before or during lovemaking to dramatically increase sensation and intensify orgasms.

There are NO pills to take, NO manuals to read, NO awkward positions to learn. Just a sensuous, deliciously smooth cream to transform every touch into pure sensual pleasure.

Vigorelle? is 100% safe, packaged in a state-of-the-art medical-grade facility.

It contains no harmful petrochemicals and is made with the highest-quality, natural ingredients, chosen by an experienced naturopath for their sex-enhancing properties.

Our advertising exposure in Discovery Health magazine quickly increased searches for ""Vigorelle"", making this a great time to begin promoting this popular product.

And don't forget:

To increase your sales of Vigorelle?, it's a good idea to mention in your advertising that clients who purchase 2 or more bottles automatically qualify for their choice of FREE Bonus Gift:

(1) UltraHair Away?, (2) GenF20? HGH Releaser, or (3) The Mini Vibrator.

Plus, consider promoting Vigorelle alongside our complementary women's libido boosting supplement, Provestra -- for EVEN bigger commissions!

Doctor Endorsements
See how our products are backed by real doctors, unlike competitor sites with false doctor endorsements, potentially putting yourself at legal risk for adertising them. We're actually the only company out of our competition that can back up why we're the best!

Product Format
Single bottle with pump contains a full 30-day supply.",Women aged 18 to 60 interested in increasing their desire for and enjoyment of sex.,"Vigorelle is available for sale in all countries with the exception of Afghanistan, Belarus, Botswana, Central African Republic, Congo, Democratic Republic of, Cuba, Egypt, Estonia, Iceland, India, International, Iran, Iraq, Lebanon, Libya, Malaysia, Mali, Mexico, Myanmar, North Korea, Norway, Palestine, State of, Peru, Russian Federation, Samoa, Somalia, South Africa, South Sudan, Sudan, Syrian Arab Republic, Thailand, Ukraine, Venezuela, Yemen, Zimbabwe.",https://www.vigorelle.com/ct/976241,,,,,,,,,,,,,,,,,
,,HerSolution.com,hersolution,"HerSolution has been rapidly gaining market share over the past year as ""Women's Sexual Health"" becomes a common topic in the media. And more recently the HerSolution brand was given a real boost when the product line was given a great review on the popular TV show ""The Doctors"". This product has been scientifically formulated to increase blood flow and sensitivity in the vaginal and clitoral regions, dramatically increasing sexual pleasure.","Product Overview
Women's sexual health is quickly becoming an enormous market as the topic becomes less taboo and more openly discussed in popular media.

In fact it is this exposure and increased popularity that has attracted many affiliates that have traditionally focused on male enhancement as they realize the sales opportunity that also exists in the female sexual enhancement market.

HerSolution has been scientifically formulated with a blend of the highest quality herbs, nutrients, and aphrodisiacs designed to boost lubrication and sexual response by increasing blood flow to the vaginal and clitoral regions.

Doctor endorsed and highly recommended by our clients, HerSolution has even been featured on ""The Doctors""!

HerSolution is also the perfect complement to HerSolution Gel-- our popular arousal enhancement cream for women.

Our testing has shown promoting these two products together can result in even HIGHER commission earnings!

Get started promoting HerSolution today, while the market continues to grow!

Product Format
Daily supplement; each box contains 30 capsules, a one-month supply.

Target Audience
Women aged 25 to 60 interested in increasing their desire for and enjoyment of sex. Women who are dealing with hormonal issues (i.e. post-pregnancy, premenstrual, menopausal, etc.) make a particularly good target audience for this product.","Women aged 25 to 60 interested in increasing their desire for and enjoyment of sex. Women who are dealing with hormonal issues (i.e. post-pregnancy, premenstrual, menopausal, etc.) make a particularly good target audience for this product.","HerSolution is available for sale in all countries with the exception of Afghanistan, Australia, Belarus, Botswana, Central African Republic, Congo, Democratic Republic of, Cuba, Egypt, Estonia, Iceland, India, International, Iran, Iraq, Lebanon, Libya, Malaysia, Mali, Myanmar, North Korea, Norway, Palestine, State of, Peru, Russian Federation, Samoa, Somalia, South Africa, South Sudan, Sudan, Syrian Arab Republic, Thailand, Ukraine, Venezuela, Yemen, Zimbabwe.",https://www.hersolution.com/ct/976241,,,,,,,,,,,,,,,,,
,,HerSolutionGel.com,HerSolution Gel,"HerSolution Gel is a popular female enhancement product. Known as the female version of Viagra, HerSolution Gel is an instant turn on cream that is activated by the human touch. It was recently given a positive review on the TV show ""The Doctors"" giving the ""HerSolution"" brand a significant boost!","Product Overview
HerSolution Gel serves a relatively untapped market as an ""instant turn-on cream.""

Applied to women's most intimate areas before or during lovemaking, HerSolution Gel dramatically increases sensation and intensifies orgasms.

It is also a unique product in that its sales and conversions are high in both male and female demographics as many men like to buy this product for their wives and girlfriends!

Now is the time. HerSolution Gel is selling very well. Don't let this product go unnoticed!

Product Format
60 ml tube contains a full 30-day supply.",Women aged 18 to 60 interested in increasing their desire for and enjoyment of sex.,"HerSolutionGel is available for sale in all countries with the exception of Afghanistan, Belarus, Botswana, Central African Republic, Congo, Democratic Republic of, Cuba, Egypt, Estonia, France (European Territory), India, International, Iran, Iraq, Lebanon, Libya, Malaysia, Mali, Mexico, Myanmar, North Korea, Palestine, State of, Peru, Romania, Russian Federation, Samoa, Somalia, South Africa, South Korea, South Sudan, Sudan, Syrian Arab Republic, Thailand, Ukraine, Venezuela, Yemen, Zimbabwe.",https://www.hersolutiongel.com/ct/976241,,,,,,,,,,,,,,,,,
,,NexusPheromones.com,Nexus Pheromones?,"Here's a unique selling proposition that always gets the attention of men: Nexus Pheromones? is quite literally sexual chemistry in a bottle, making men irresistibly attractive to women. It contains 100% pure androstenone pheromone concentrate, featured in medical and scientific journals for its ability to stimulate sexual response in the opposite sex! Comes with a 100% moneyback guarantee.","Product Overview:
Nexus Pheromones is a scientifically formulated pheromone cologne designed to enhance male attractiveness and confidence in social interactions. It utilizes a blend of seven powerful human pheromones that mimic natural chemical signals associated with masculinity, dominance, and sexual appeal. When applied, these pheromones work on a subconscious level, influencing how women perceive the wearer and increasing their receptiveness to attraction.

The formula is based on extensive research in human pheromone communication and is engineered to amplify natural signals that trigger subconscious responses in women. Nexus Pheromones is easy to use?just a few sprays on pulse points such as the neck and wrists can last for hours, creating an aura of magnetism and desirability.

Unlike traditional colognes that rely solely on fragrance, Nexus Pheromones operates on a deeper biological level. It is designed for men looking to improve their dating success, enhance romantic encounters, or boost overall social confidence.

Backed by scientific principles and positive user testimonials, Nexus Pheromones is marketed as a cutting-edge tool in human attraction. The product is available for direct purchase through its official website, ensuring authenticity and quality for those seeking to unlock the power of pheromone-based attraction.",,"Nexus Pheromones is available for sale in all countries with the exception of Afghanistan, Belarus, Botswana, Central African Republic, Congo, Democratic Republic of, Cuba, Egypt, Estonia, India, International, Iran, Iraq, Lebanon, Libya, Malaysia, Mali, Mexico, Myanmar, North Korea, Palestine, State of, Peru, Russian Federation, Samoa, Somalia, South Africa, South Sudan, Sudan, Syrian Arab Republic, Thailand, Ukraine, Venezuela, Yemen, Zimbabwe.",https://www.nexuspheromones.com/ct/976241,,,,,,,,,,,,,,,,,
,,Provacyl.com,Provacyl,"Here's a unique selling proposition that always gets the attention of men: Nexus Pheromones? is quite literally sexual chemistry in a bottle, making men irresistibly attractive to women. It contains 100% pure androstenone pheromone concentrate, featured in medical and scientific journals for its ability to stimulate sexual response in the opposite sex! Comes with a 100% moneyback guarantee.","Attention: No affiliate shall make reference to the products SeroVital, GF-9, Thrive, or any other product from Basic Research LLC or SanMedica International LLC.
Provacyl?
Increase Physical Stamina, Decrease Body Fat, Feel Younger
Provacyl is about to take off. Here's why.

A generation of men are beginning to retire and enter their senior years. Baby boomers control over 80% of American wealth, account for 50% of discretionary spending and buy 77% of all prescription medications.

We're beyond billions. The male baby boomer generation is a trillion dollar market segment. That's trillion, with a 't'. And that's just the United States.

As a human growth hormone (HGH) releaser, Provacyl is positioned to help millions address the symptoms of andropause, or the gradual decrease of hormone production in men, with a potent and natural blend of herbals, amino acids and nutrients that are clinically proven to:

naturally increase the male sex drive
help reduce excess body fat
increase lean muscle mass
boost physical stamina
produce feelings of well-being and positive life outlook
Let's face it, guys are always going to want great sex, look good and feel great. The good news for you the affiliate is that with Provacyl, they can do it without the cost and expense of synthetic HGH injections.

Provacyl has a list of happy clients, produces no known side effects and offers hope to men around the world who want a safe and affordable way to enjoy their retirement years.

Product Format
Provacyl is a dietary supplement pill, taken twice a day.","Suitable for men age 40 to 65+ who are looking to address the symptoms of andropause. Specifically, men who want to boost sex drive, increase lean muscle mass and reduce excess body fat.","Provacyl 120 is available for sale in all countries with the exception of Afghanistan, Belarus, Botswana, Brazil, Central African Republic, Congo, Democratic Republic of, Cuba, Egypt, Estonia, Germany, Iceland, India, International, Iran, Iraq, Ireland, Israel, Japan, Lebanon, Libya, Malaysia, Mali, Mexico, Myanmar, North Korea, Norway, Palestine, State of, Peru, Russian Federation, Samoa, Somalia, South Africa, South Korea, South Sudan, Sudan, Syrian Arab Republic, Thailand, Ukraine, Venezuela, Yemen, Zimbabwe.",https://www.provacyl.com/ct/976241,,,,,,,,,,,,,,,,,
,,ProExtender.com,ProExtender?,"ProExtender? is a penis lengthening device that has been recommended by urologists & reviewed by several clinical studies. Using the traction method, this device helps men increase their penis size. We revised this offer in 2021 to increase average order size & customer value.","Product Overview
We're excited to offer one of the male enhancement industry's top-performing products: The ProExtender.

This penis extender uses the ""Traction Method"", a clinically-documented way to achieve permanent penis enlargement.

Our physician-approved medical-grade device has helped over 500,000 men permanently enlarge their penis.

Target penis enlargement-related keywords via SEO and PPC advertising and watch the cash roll in!

We recently overhauled this offer from top to bottom with new product packages for INCREASED commissions.

Earn 40% commissions on each sale of the following packages:

Basic Package: $149.00
Deluxe Package: $249.00
Ultimate Package: $497.00
Our new product packages include product bonuses, including private coaching from one of the top male enhancement coaches on the Internet - AJ Alfaro.

Download our ProExtender Affiliate Product Guide to learn more.

Contact your affiliate manager if you need help sourcing content or additional keyword research.

All countries allowed except: Afghanistan, Botswana, Canada, Cuba, Egypt, Estonia, Iceland, India, Iran, Iraq, Lebanon, Mexico, Myanmar, North Korea, Norway, Samoa, South Africa, Sudan, Syria, Venezuela",,"ProExtender is available for sale in all countries with the exception of Afghanistan, Belarus, Botswana, Central African Republic, Congo, Democratic Republic of, Cuba, Egypt, Estonia, Iceland, India, International, Iran, Iraq, Lebanon, Libya, Malaysia, Mali, Mexico, Myanmar, North Korea, Norway, Palestine, State of, Peru, Russian Federation, Samoa, Somalia, South Africa, South Sudan, Sudan, Syrian Arab Republic, Thailand, Ukraine, Venezuela, Yemen, Zimbabwe.",https://www.proextender.com/ct/976241,,,,,,,,,,,,,,,,,
,,MagnaRX.com,MagnaRX?,"MagnaRX? ? A Big Name in Natural Male Enhancement!
Å  Help Guys Increase Sexual Performance

Å  HUGE Demand

Å  Premium Brand

Å  Comes With 67 Day Money-Back Guarantee","Magna-RX+ is a natural male enhancement supplement developed by George Aguilar, MD, a Board Certified Urologist who has treated over 20,000 patients with erectile problems. 

This offer is great to run as another option for men to choose between Erectin, VigRX Plus, and ProSolution Plus. 

After following the progress of 1,000 patients using the product for ten months, Dr. Aguilar determined that the combination of ingredients in Magna RX+? is a powerful, 100% natural male enhancement formula.

Magna-RX+ is carefully formulated with only the highest quality of ingredients.

These pharmaceutical-grade herbs and compounds have been used for hundreds of years for their male enhancement properties: 

Pygeum Bark
Maca Root
Horny Goat Weed
Oat Straw (Grassy Stalks)
Oyster Meat
L-Arginine
Stinging Nettle
Muira Puama
Cayenne Fruit
Orchid Substance
Sarsaparilla
Licorice Root
Astralagus
Pumpkin Seed
Sell the benefits of this supplement to the men shopping for Magna-RX+: 

NATURALLY ENHANCE YOUR PENIS!
HARDER LONGER LASTING ERECTIONS
BOOST YOUR CONFIDENCE LEVEL & SELF-ESTEEM
SATISFY YOUR LOVER LIKE NEVER BEFORE",,"Magna-RX is available for sale in all countries with the exception of Afghanistan, Belarus, Botswana, Canada, Central African Republic, Congo, Democratic Republic of, Cuba, Egypt, Estonia, Iceland, India, International, Iran, Iraq, Lebanon, Libya, Malaysia, Mali, Mexico, Myanmar, North Korea, Norway, Palestine, State of, Peru, Russian Federation, Samoa, Somalia, South Africa, South Korea, South Sudan, Sudan, Syrian Arab Republic, Thailand, Ukraine, Venezuela, Yemen, Zimbabwe.",https://www.magnarx.com/ct/976241,,,,,,,,,,,,,,,,,
,,"VigRXDelayWipes.com
",VigRX? Delay Wipes,"VigRX? Delay Wipes ? An Easy Way to Boost VigRX Revenue!

Å  A ?VigRX? Product For Higher Conversions

ÅEasy Way to Tap the Premature Ejaculation Niche

Å Great Upsell or Stand-Alone Product

Å  Works in Just 10 Minutes","Product Overview
The 'Last Longer In Bed' Wipe With the VigRX? Name On it!
The VigRX? name makes some affiliates extraordinarily wealthy. You may be among them when you promote VigRX? Delay Wipes - a male desensitizer wipe that helps guys:

Last longer in bed
Delay orgasm
Prolong sexual pleasure
Give multiple orgasms to women
Make sex AMAZING
It's pretty simple. They wipe on VigRX? Delay Wipes and rub it into their penile tissue. The product is formulated with all natural ingredients which make the penis less sensitive to stimuli.

Basically, it tells the nerves to relax and enjoy the ride. Guys last longer as a result - sometimes north of 20 minutes and they prolong their pleasure.

In fact, VigRX? Delay Wipes has two logical upsells. Get your clients to buy it with VigRX Plus? and they boost their sex drive and erection size.

Just as enjoyable - and profitable for YOU - is when guys buy VigRX? Delay Wipes with Semenax?. They last longer and have the biggest orgasm ever when they decide to climax.

Frankly, you may get the same pleasure when you see what this does to the size of your commissions with VigRX? Delay Wipes!

Product Format:
Wipe, each box contains 10 wipes.",Men 21+ who ejaculate earlier than they wish or who simply want to make sex thrilling for both partners.,"VigRX Delay Wipes is available for sale in all countries with the exception of Afghanistan, Belarus, Botswana, Central African Republic, Congo, Democratic Republic of, Cuba, Egypt, Estonia, Iceland, India, International, Iran, Iraq, Lebanon, Libya, Malaysia, Mali, Mexico, Myanmar, North Korea, Norway, Palestine, State of, Peru, Russian Federation, Samoa, Somalia, South Africa, South Sudan, Sudan, Syrian Arab Republic, Thailand, Ukraine, Venezuela, Yemen, Zimbabwe.",https://www.vigrxdelaywipes.com/ct/976241,,,,,,,,,,,,,,,,,
,,SemEnhance.com,SemEnhance?,"SemEnhance? is our all-natural, top-rated semen taste enhancer. Designed to help sweeten a man's semen, this offer is popular among women and men! 

Promote it along with Semenax & Volume Pills
Lander Variations: Hetero & Gay Traffic
Lifetime Cookie
International Shipping","Product Overview
SemEnhance? is made with natural ingredients that help sweeten the taste of semen. The formula is designed to enhance the natural sugars already in semen and make their taste stand out.

Key selling points: 

Have GREAT Tasting Semen
Enjoy MORE Oral Sex
RESULTS Starting in Just 3 Weeks
High-Impact NATURAL Formula
Made by the SEMENAX Team
We recommend promoting SemEnhance? with Semenax?

Product Format

Daily supplement; each bottle contains 60 capsules, a one-month supply.

Target Audience

Straight & gay men who want to improve the taste of their semen, especially smokers and coffee drinkers.
Couples seeking to improve oral sex. 
Recommended Traffic Sources

SMS, Push, Email
PPC & SEO: Targeting terms related to improving semen taste.
Adult: Straight & Gay
Countries Allowed

All countries allowed except: Afghanistan, Botswana, Cuba, Egypt, Estonia, Iceland, India, Iran, Iraq, Lebanon, Mexico, Myanmar, North Korea, Norway, Samoa, South Africa, Sudan, Syria, Venezuela","Straight & gay men who want to improve the taste of their semen, especially smokers and coffee drinkers.
Couples seeking to improve oral sex. ","SemEnhance is available for sale in all countries with the exception of Afghanistan, Belarus, Botswana, Central African Republic, Congo, Democratic Republic of, Cuba, Egypt, Estonia, France (European Territory), Iceland, India, International, Iran, Iraq, Lebanon, Libya, Malaysia, Mali, Mexico, Myanmar, North Korea, Norway, Palestine, State of, Peru, Russian Federation, Samoa, Somalia, South Africa, South Sudan, Sudan, Syrian Arab Republic, Thailand, Ukraine, Venezuela, Yemen, Zimbabwe.",https://www.semenhance.com/ct/976241,,,,,,,,,,,,,,,,,
,,FertilityFactor5.com,Fertility Factor 5,"Fertility Factor 5 helps couples address male infertility. It gives men hope, with better sperm quantity and quality, delivered with a clinically studied formula and the VigRX? name!","Product Overview:
Fertility Factor 5 helps couples conceive. It's a high quality formula made with clinically studied sexual nutrients shown to improve sperm count, shape and movement, among other factors that help men impregnate their partners. With the 'VigRX?' name on the bottle, it's a top-seller!

Clinical Studies:
We made Fertility Factor 5 with clinically studied ingredients like Tongkat Ali LJ100 - a joint effort between the Government of Malaysia and Massachusetts Institute of Technology - which improved semen parameters in 100% of infertile men who took it over 3 months.

Their sperm motility improved by a very encouraging 44% - and that was just after 12 weeks!

Fertility Factor 5's Competitive Advantages:
Promote Fertility Factor 5 and you instantly capitalize on its many advantages. These include:

VigRX? ? Fertility Factor 5 is a VigRX? product - a name that converts higher on that alone.

Clinical Studies ? Researchers have extensively reviewed the ingredients in Fertility Factor 5, and they like what they see!

It Works! (Very Well) ? A study done on one of the ingredients in Fertility Factor 5 documents 11 pregnancies within 6 months among men who were previously told that conception was very unlikely.",Fertility Factor 5 is for men age 21+ struggling with male infertility and who are looking to conceive. Can be sold on its own or as an upsell to other VigRX? products like VigRX Plus?. Fertility Factor 5 is sold and shipped world-wide.,"VigRX Fertility Factor 5 is available for sale in all countries with the exception of Afghanistan, Belarus, Botswana, Central African Republic, Congo, Democratic Republic of, Cuba, Egypt, Estonia, Iceland, India, International, Iran, Iraq, Lebanon, Libya, Malaysia, Mali, Mexico, Myanmar, North Korea, Norway, Palestine, State of, Peru, Russian Federation, Samoa, Somalia, South Africa, South Sudan, Sudan, Syrian Arab Republic, Thailand, Ukraine, Venezuela, Yemen, Zimbabwe.

",https://www.fertilityfactor5.com/ct/976241,,,,,,,,,,,,,,,,,
,,VigRXNitricOxide.com,VigRX Nitric Oxide,"The #1 male enhancement brand, VigRX presents VigRX Nitric Oxide, a supplement that aims to help men improve the quality of their erections, boost sexual stamina, and increase their blood flow. Made with all-natural L-Citrulline and L-Arginine, this is a powerful combo! Promoting this along with VigRX Plus, affiliates can rake in some serious cash on this huge, in-demand market.","Product Overview
As men age, their nitric oxide (NO) levels drop, leading to poor circulation, and weaker erections, so we launched VigRX Nitric Oxide. Nitric oxide is a physiological signal essential to erections.

Featuring the trusted VigRX brand, this supplement contains a patented ingredient Velox which contains both L-Citrulline and L-Arginine. Numerous clinical studies show the benefits of these ingredients to improving blood flow, helping improve erection quality, sexual stamina, and improving overall blood flow.

VigRX Nitric Oxide is a serious money-earner for affiliates because it provides:
Pricing incentives for larger average order sizes.
Clinical studies that show how effective this supplement works for users.
An upsell funnel that helps add even more commissions to your pocket!
Product Format
Daily supplement; each bottle contains 90 tablets, a one-month supply.","Suitable for men aged 21 to 60+ who want to improve the quality, stamina, and overall health of their erections, improve vascularity, circulation and muscle pumps in the gym.","VigRX Nitric Oxide Support is available for sale in all countries with the exception of Afghanistan, Belarus, Botswana, Central African Republic, Congo, Democratic Republic of, Cuba, Egypt, Estonia, Iceland, India, International, Iran, Iraq, Lebanon, Libya, Malaysia, Mali, Mexico, Myanmar, North Korea, Norway, Palestine, State of, Peru, Russian Federation, Samoa, Somalia, South Africa, South Sudan, Sudan, Syrian Arab Republic, Thailand, Ukraine, Venezuela, Yemen, Zimbabwe.",https://www.vigrxnitricoxide.com/ct/976241,,,,,,,,,,,,,,,,,
Muscle & Fitness,"SellHealth is proud to present several muscle and fitness products that are doctor-endorsed and whose formulas are backed by numerous clinical studies:
Testosterone Boosters
HGH Boosters
Estrogen Blockers
Cortisol Reducers
Pre-workout
Protein Powders

Testosil, GenF20 Plus, and HyperGH 14x are three brands that should be at the top of your list!",Testosil.com,Testosil?,"Testosil? is our GAME CHANGING, testosterone-boosting supplement. With more ingredients than our closest competitor, Testosil? is primed to take over the affiliate space with this new offer!

Clinically-validated ingredients & dosage
Contains 12 ingredients including 300mg of KSM-66?
Comes with a lifetime guarantee","Our Top Testosterone Booster
SellHealth is excited to launch the best testosterone boosting supplement we've ever formulated.

There's no other affiliate offer that compares to Testosil?. Our product formulation is unrivaled because we use clinically-validated ingredients and dosage that actually help increase testosterone levels.

When your customers buy using your affiliate link, they'll keep re-buying once they see their results!

We've included 12 ingredients including a whopping 300mg of KSM-66? that make an incredibly powerful combination to help men increase testosterone levels.

Target Market
Men ages 25+ who want to increase their testosterone levels for increased muscle mass, energy, libido, and overall health.

Lifetime Guarantee
Testosil is different because it has a LIFETIME guarantee. The customer either SEES and FEELS a difference in their energy levels... at the gym... and in their body OR they simply send the bottles back (even if they're empty) for a FULL refund of the purchase price. No questions asked.",,"Testosil is available for sale in all countries with the exception of Afghanistan, Belarus, Botswana, Central African Republic, Congo, Democratic Republic of, Cuba, Egypt, Estonia, Iceland, India, International, Iran, Iraq, Lebanon, Libya, Malaysia, Mali, Mexico, Myanmar, North Korea, Norway, Palestine, State of, Peru, Russian Federation, Samoa, Somalia, South Africa, South Sudan, Sudan, Syrian Arab Republic, Thailand, Ukraine, Venezuela, Yemen, Zimbabwe.",https://www.testosil.com/ct/976241,,,,,,,,,,,,,,,,,
,,GenF20Muscle.com,GenF20 Plus,Got muscle traffic? GenF20 Plus will turn that traffic into serious cash. This sales page is focused on helping men who want to naturally boost their HGH levels to pack on lean muscle mass and torch body fat.,"Attention: No affiliate shall make reference to the products SeroVital, GF-9, Thrive, or any other product from Basic Research LLC or SanMedica International LLC.
Product Overview
Use your affiliate link to GenF20Muscle.com for a muscle-focused sales page, targeting men who want to:

Add Lean Muscle Mass
Torch Body Fat
Increase Strength & Power
Reduce Recovery Time
GenF20 Plus is sold as tablets with a spray upsell. Use the comparison chart below to help you better sell the benefits of the tablets and spray system.



Why promote GenF20 Plus?

Earn 40% commissions on your sales
Cookie Duration = Lifetime
2020 Average Order Size = $170.35
2020 Average Affiliate Commission = $68.14 per sale
Doctor Endorsements

See how our products are backed by real doctors, unlike competitor sites with false doctor endorsements, potentially putting yourself at legal risk for adertising them. We're actually the only company out of our competition that can back up why we're the best!

Dr. Steven Lamm, M.D.
Throughout my career as a doctor, researcher and author, I am constantly investigating new solutions and supplements that I can share with my patients to help them improve the quality of their life as they age, and that is why I want to introduce you to GenF20 Plus, a powerful, all-natural human growth hormone releaser.

Product Format
Daily supplement; each box contains 120 tablets, a one-month supply.","Suitable for men looking to increase lean muscle mass and strength while also boosting energy levels, promoting joint health, torching body fat and reducing recovery time.","GenF20 Plus is available for sale in all countries with the exception of Afghanistan, Belarus, Botswana, Central African Republic, Congo, Democratic Republic of, Cuba, Egypt, Estonia, Iceland, India, International, Iran, Iraq, Lebanon, Libya, Malaysia, Mali, Myanmar, North Korea, Norway, Palestine, State of, Peru, Russian Federation, Samoa, Somalia, South Africa, South Sudan, Sudan, Syrian Arab Republic, Thailand, Ukraine, Venezuela, Yemen, Zimbabwe.",https://www.genf20muscle.com/ct/976241,,,,,,,,,,,,,,,,,
,,HyperGH14x.com,HyperGH 14x?,"For greater lean muscle mass, less body fat and a natural boost in the weight room, HyperGH 14x? takes the male physique to new levels of performance and even sex appeal. Muscle often turns to flab, and a once impressive body becomes mediocre with age. But your clients don't have to go out like that. Giv'em HyperGH 14x? for a natural edge, more muscle and soaring confidence!","Attention: No affiliate shall make reference to the products SeroVital, GF-9, Thrive, or any other product from Basic Research LLC or SanMedica International LLC.
HyperGH 14x?
A Natural Edge For More Muscle!
For lean, hard muscle, less body fat, an extra boost in the gym and a natural way to supercharge your workouts, HyperGH 14x? is gonna rock the world of body building.

We're not talking about steroids or synthetic HGH either. We're talking about your body's own HGH, secreted naturally in sync with your circadian rhythm, to maximize energy, recovery and growth of lean, hard muscle.

We're talking HyperGH 14x?, formulated to naturally supercharge the body with the energy to pack on that sexy muscle that guys want and women lust for. We've designed it to produce:

more lean muscle mass
less body fat
a natural energy boost
better results from similar training efforts
faster recovery time
We're very excited about HyperGH 14x? because it's got a huge demographic. All men, aged 21 and higher, who want that lean muscle can benefit from that extra, natural kick in the weight room.

Younger men will enjoy that it's a safe and legal way to jump-start their muscle tone. And baby boomers will love that it's formulated for natural secretion of HGH, and with that, may stimulate that muscle tone, reduce flab and morph a fading physique into that of a fit, sexy senior!

Product Format:
An oral supplement and an oral spray with Alpha-GPC; both taken/administered twice, and two times each day (four tablets and four sprays daily).","Men age 21 and higher who want a natural boost to their workouts, more muscle tone, less body fat and the sex appeal of a sculpted physique.","HyperGH14x is available for sale in all countries with the exception of Afghanistan, Belarus, Botswana, Central African Republic, Congo, Democratic Republic of, Cuba, Egypt, Estonia, Iceland, India, International, Iran, Iraq, Lebanon, Libya, Malaysia, Mali, Mexico, Myanmar, North Korea, Norway, Palestine, State of, Peru, Russian Federation, Samoa, Somalia, South Africa, South Sudan, Sudan, Syrian Arab Republic, Thailand, Ukraine, Venezuela, Yemen, Zimbabwe.",https://www.hypergh14x.com/ct/976241,,,,,,,,,,,,,,,,,
,,Testodren.com,Testodren?,"Promote this clinically-tested, patented formula of this all-natural testosterone boosting supplement. As men hit age 30, their testosterone levels begin to decline. Help men increase their strength, optimize energy, and boost libido with Testodren?!","Product Overview
Download our Testodren Product Guide to review key selling points.

The Testodren? formula is an all-natural, U.S. patented compound designed to increase testosterone levels in men over 30.

Testodren? is a single-ingredient formula. It contains 500 mg of a 100% natural, U.S. patented compound, derived from the Fenugreek herb (Trigonella foenum-graecum).

Increase Daily Energy Levels
Better Workouts
Build Muscle Faster
Reduce Body Fat
More Focus
More Motivation & Drive
Better Sex
The Testodren? formula increased free testosterone 72.87% in just 12 weeks!

Product Format
Daily supplement; each bottle contains 30 capsules, a one-month supply.","Suitable for men aged 30 to 60+ who wish to diminish the physical effects of aging on their testosterone levels to reduce fat, increase lean muscle mass, improve their strength, energy, and libido.","PrimeGENIX Testodren is available for sale in all countries with the exception of Afghanistan, Belarus, Botswana, Central African Republic, Congo, Democratic Republic of, Cuba, Egypt, Estonia, Iceland, India, International, Iran, Iraq, Lebanon, Libya, Malaysia, Mali, Mexico, Myanmar, North Korea, Norway, Palestine, State of, Peru, Russian Federation, Samoa, Somalia, South Africa, South Sudan, Sudan, Syrian Arab Republic, Thailand, Ukraine, Venezuela, Yemen, Zimbabwe.",https://www.testodren.com/ct/976241,,,,,,,,,,,,,,,,,
,,DIM3X.com,DIM 3X?,"DIM 3X? helps men to reduce the amount of active estrogen in their bodies. Help men lower estrogen levels, boost mood, focus, strength, and stamina!","DIM 3X? is an all-natural estrogen metabolizer that helps men to balance their hormones for optimal physical performance. This product has been specially formulated to help men reduce their active estrogen levels.

There are four key ingredients in DIM 3X? - Vitamin E, DIM, Astragin, and BioPerine.

This combination of ingredients help men:

Lowers Estrogen Levels
Supports Testosterone Production
Blocks Aromatase Enzyme
Boost Strength & Stamina
Enhances Mood & Focus
You see, DIM 3X? works by converting bad estrogen (2-hydroxyestrone) into good estrogen (16-alpha-hydroxy-estrone) metabolites.

By blocking the aromatase enzymes, it helps reduce testosterone from converting into estrogen, which is key for hormone balance.

DIM 3X? provides extra hormone support for optimal testosterone levels.

High estrogen levels can make a man feel drained, fat and miserable.

Thankfully, DIM 3X? is here to help men over age 40 with hormone issues. That's because studies show DIM could help reduce estrogen levels. And with the proper balance of estrogen you could improve your overall well-being.

Product Format

Daily supplement; each bottle contains 90 capsules.","Suitable for men aged 30 to 60+ who wish to diminish the physical effects of aging on their testosterone levels to reduce fat, increase lean muscle mass, improve their strength, energy, and libido.","PrimeGENIX DIM3X is available for sale in all countries with the exception of Afghanistan, Belarus, Botswana, Central African Republic, Congo, Democratic Republic of, Cuba, Egypt, Estonia, Iceland, India, International, Iran, Iraq, Lebanon, Libya, Malaysia, Mali, Mexico, Myanmar, North Korea, Norway, Palestine, State of, Peru, Russian Federation, Samoa, Somalia, South Africa, South Sudan, Sudan, Syrian Arab Republic, Thailand, Ukraine, Venezuela, Yemen, Zimbabwe.",https://www.dim3x.com/ct/976241,,,,,,,,,,,,,,,,,
,,CortiSync.com,CortiSync?,"CortiSync? is a supplement that helps to reduce cortisol, the stress hormone that causes the body to hold on to belly fat. The formula stack in CortiSync? is clinically proven to balance cortisol to help men lose weight.","Cortisol is a stress hormone that can be a major contributor to weight gain.

Too much cortisol causes the body to hold onto body fat, so regardless of how much someone exercises or controls caloric intake, they still may not lose weight.

CortiSync is SellHealth's solution to help men control their weight by helping them regulate the amount of cortisol in their body.

Keyword Suggestions
Please review the SellHealth keyword list for suggestions.

Top keywords will include: reduce cortisol, supplements to reduce cortisol, best supplements to reduce cortisol, supplements to lower cortisol, supplements to reduce cortisol and belly fat, reduce cortisol levels

Doctor Endorsement
Kaleb N. Redden, DO

Team Doctor for PrimeGENIX

Sports Medicine Physician for Olympic, Professional & Semi-Professional Athletes

Certified Ring-Side Physician & Combat Sports Medicine Specialist (for both UFC & Bellator)

As a fitness and nutrition specialist with over 20 years of personal training experience, Dr. Redden plays a key role in helping PrimeGENIX offer superior formulas.

Along with his seemingly endless list of highly-respected credentials (DO, ABFP, CAQSM, CRP), Dr. Redden also works closely with Olympic, professional and semi-professional athletes.

You may have heard about Dr. Redden (a.k.a. ""Doc Thor"") from his popular appearance on NBC's hit TV show: The Titan Games (hosted by The ""Rock"" Dwayne Johnson). Or, you may have seen him during a UFC or Bellator (MMA) event (because he's also a certified ring-side physician and combat sports medicine specialist).

CortiSync's Ingredients
Sensoril-Ashwagandha Root Extract - 300mg
Lemon Balm Powder - 150mg
Lichi Extract - 120mg
L-Theanine - 100mg
Holy Basil extract - 100mg
Magnolia bark extract - 100mg
Rhodiola root extract - 50mg
Product Format
Daily supplement; each box contains 60 capsules, 30 servings per container, a one-month supply.",Suitable for men aged 40+ who wish to diminish the physical effects of cortisol to help improve weight loss.,"PrimeGENIX Cortisync is available for sale in all countries with the exception of Afghanistan, Belarus, Botswana, Central African Republic, Congo, Democratic Republic of, Cuba, Egypt, Estonia, Iceland, India, International, Iran, Iraq, Japan, Lebanon, Libya, Malaysia, Mali, Mexico, Myanmar, North Korea, Norway, Palestine, State of, Peru, Russian Federation, Samoa, Somalia, South Africa, South Sudan, Sudan, Syrian Arab Republic, Thailand, Ukraine, Venezuela, Yemen, Zimbabwe.",https://www.cortisync.com/ct/976241,,,,,,,,,,,,,,,,,
,,CalmLean.com,CalmLean?,Are you looking for a doctor-recommended weight loss supplement to promote? Help men boost their metabolism to burn fat faster stimulant-free with CalmLean?!,"CalmLean is an offer that affiliates can promote with confidence because this twice-patented formula works!

Recommended by doctors, CalmLean is a non-stimulant fat burner.

Most fat burners on the market have nasty side effects like a rapid heartbeat due to all the stimulants that manufacturers place in them. You won't find that with CalmLean.

Just as the name suggests, CalmLean will help men burn fat faster without using stimulants.

Backed by our PrimeGENIX Team Doctor, Caleb Redden, DO - CalmLean is a supplement that is an outstanding complement to the other products in the PrimeGENIX brand.

Keyword Suggestions
Please review the SellHealth keyword list for suggestions.

Top keywords will include: best fat burner for men, fat burning supplements, best fat burner supplements, best weight loss pills for men, best weight loss supplements for men, fat burner non stim

Doctor Endorsement
Kaleb N. Redden, DO

Team Doctor for PrimeGENIX
Sports Medicine Physician for Olympic, Professional & Semi-Professional Athletes
Certified Ring-Side Physician & Combat Sports Medicine Specialist (for both UFC & Bellator)
As a fitness and nutrition specialist with over 20 years of personal training experience, Dr. Redden plays a key role in helping PrimeGENIX offer superior formulas.

Along with his seemingly endless list of highly-respected credentials (DO, ABFP, CAQSM, CRP), Dr. Redden also works closely with Olympic, professional and semi-professional athletes.

You may have heard about Dr. Redden (a.k.a. ""Doc Thor"") from his popular appearance on NBC's hit TV show: The Titan Games (hosted by The ""Rock"" Dwayne Johnson). Or, you may have seen him during a UFC or Bellator (MMA) event (because he's also a certified ring-side physician and combat sports medicine specialist).

CalmLean's Ingredients
Chromium (as Chromium Picolinate) - 200mcg
ForsLean? (Coleus Forskohlii (root) extract-10% Forskolin) - 500mg
Cayenne Pepper (Capsicum Annuum) (fruit) Powder - 100mg
BioPerine? (Black Pepper (Piper Nigrum) (seed) extract - 95% Piperine) - 5mg
Product Format
Daily supplement; each box contains 60 capsules, 30 servings per container, a one-month supply.",Suitable for men aged 40+ who wish to boost their metabolism & burn fat faster without the nasty side effects of supplements with stimulant,"PrimeGENIX Calmlean is available for sale in all countries with the exception of Afghanistan, Belarus, Botswana, Central African Republic, Congo, Democratic Republic of, Cuba, Egypt, Estonia, Iceland, India, International, Iran, Iraq, Lebanon, Libya, Malaysia, Mali, Mexico, Myanmar, North Korea, Norway, Palestine, State of, Peru, Russian Federation, Samoa, Somalia, South Africa, South Sudan, Sudan, Syrian Arab Republic, Thailand, Ukraine, Venezuela, Yemen, Zimbabwe.",https://www.calmlean.com/ct/976241,,,,,,,,,,,,,,,,,
,,Provacyl.com,Provacyl?,"Specifically formulated to address andropause, or the steady decrease of hormone production in men, Provacyl holds immense potential for a generation of baby boomers looking to make their golden years count. Forget thinning hair, excess body fat and decreased sex drive. Provacyl is a powerful HGH releaser that changes lives and will be a leader in the anti-aging market for years to come.","Attention: No affiliate shall make reference to the products SeroVital, GF-9, Thrive, or any other product from Basic Research LLC or SanMedica International LLC.
Provacyl?
Increase Physical Stamina, Decrease Body Fat, Feel Younger
Provacyl is about to take off. Here's why.

A generation of men are beginning to retire and enter their senior years. Baby boomers control over 80% of American wealth, account for 50% of discretionary spending and buy 77% of all prescription medications.

We're beyond billions. The male baby boomer generation is a trillion dollar market segment. That's trillion, with a 't'. And that's just the United States.

As a human growth hormone (HGH) releaser, Provacyl is positioned to help millions address the symptoms of andropause, or the gradual decrease of hormone production in men, with a potent and natural blend of herbals, amino acids and nutrients that are clinically proven to:

naturally increase the male sex drive
help reduce excess body fat
increase lean muscle mass
boost physical stamina
produce feelings of well-being and positive life outlook
Let's face it, guys are always going to want great sex, look good and feel great. The good news for you the affiliate is that with Provacyl, they can do it without the cost and expense of synthetic HGH injections.

Provacyl has a list of happy clients, produces no known side effects and offers hope to men around the world who want a safe and affordable way to enjoy their retirement years.

Product Format
Provacyl is a dietary supplement pill, taken twice a day.","Suitable for men age 40 to 65+ who are looking to address the symptoms of andropause. Specifically, men who want to boost sex drive, increase lean muscle mass and reduce excess body fat.","Provacyl 120 is available for sale in all countries with the exception of Afghanistan, Belarus, Botswana, Brazil, Central African Republic, Congo, Democratic Republic of, Cuba, Egypt, Estonia, Germany, Iceland, India, International, Iran, Iraq, Ireland, Israel, Japan, Lebanon, Libya, Malaysia, Mali, Mexico, Myanmar, North Korea, Norway, Palestine, State of, Peru, Russian Federation, Samoa, Somalia, South Africa, South Korea, South Sudan, Sudan, Syrian Arab Republic, Thailand, Ukraine, Venezuela, Yemen, Zimbabwe.",https://www.provacyl.com/ct/976241,,,,,,,,,,,,,,,,,
,,VigRXNitricOxide.com,VigRX Nitric Oxide,"The #1 male enhancement brand, VigRX presents VigRX Nitric Oxide, a supplement that aims to help men improve the quality of their erections, boost sexual stamina, and increase their blood flow. Made with all-natural L-Citrulline and L-Arginine, this is a powerful combo! Promoting this along with VigRX Plus, affiliates can rake in some serious cash on this huge, in-demand market.","Product Overview
As men age, their nitric oxide (NO) levels drop, leading to poor circulation, and weaker erections, so we launched VigRX Nitric Oxide. Nitric oxide is a physiological signal essential to erections.

Featuring the trusted VigRX brand, this supplement contains a patented ingredient Velox which contains both L-Citrulline and L-Arginine. Numerous clinical studies show the benefits of these ingredients to improving blood flow, helping improve erection quality, sexual stamina, and improving overall blood flow.

VigRX Nitric Oxide is a serious money-earner for affiliates because it provides:
Pricing incentives for larger average order sizes.
Clinical studies that show how effective this supplement works for users.
An upsell funnel that helps add even more commissions to your pocket!
Product Format
Daily supplement; each bottle contains 90 tablets, a one-month supply.","Suitable for men aged 21 to 60+ who want to improve the quality, stamina, and overall health of their erections, improve vascularity, circulation and muscle pumps in the gym.","VigRX Nitric Oxide Support is available for sale in all countries with the exception of Afghanistan, Belarus, Botswana, Central African Republic, Congo, Democratic Republic of, Cuba, Egypt, Estonia, Iceland, India, International, Iran, Iraq, Lebanon, Libya, Malaysia, Mali, Mexico, Myanmar, North Korea, Norway, Palestine, State of, Peru, Russian Federation, Samoa, Somalia, South Africa, South Sudan, Sudan, Syrian Arab Republic, Thailand, Ukraine, Venezuela, Yemen, Zimbabwe.",https://www.vigrxnitricoxide.com/ct/976241,,,,,,,,,,,,,,,,,
,,TestRX.com,TestRX?,"Want to make money off the muscle crowd? Push TestRX? - it's a natural testosterone booster that helps guys smash through barriers in the gym and get bigger muscles, more energy and even better virility!","TestRX?
Boosts Testosterone
For Guys Who Want Bigger Muscles!
Product Overview:
Sex and muscles. That's not a hard sell, and it's the main reason why TestRX? natural bodybuilding testosterone supplement could make your pockets very heavy.

TestRX? boosts testosterone naturally. This helps with protein synthesis and helps guys:

Have Bigger Muscle Growth
Get More Energy
Recover Faster
Smash Through Barriers
Get a Head-Turning Body!
You can also mention that TestRX? has ZMA - zinc monomethionine aspartate, magnesium aspartate and vitamin B6 (pyridoxine), which helped NCAA football players 'significantly' boost HGH and testosterone in a clinical study.

And the part about how TestRX? can get your clients more sex?

Studies on the ingredients in TestRX? show they increase male virility in addition to building muscles (because it increases testosterone). Yet they'll have the body to attract more women with TestRX? , be it their married partner or for a little fun if they're unattached.

Your angle - sell TestRX? as the natural bodybuilding supplement guys can use to boost testosterone naturally and bust through barriers to bigger muscle growth.

Your clients get bigger and look like alpha dogs as a result - and YOU will get a whole lot richer thanks to TestRX? and its winning formula!

Product Format:
Each box contains 120 capsules of TestRX? and lasts one month.",Men age 21+ who are active and want bigger muscles and ongoing athletic potential without needles.,"TestRX 120 is available for sale in all countries with the exception of Afghanistan, Belarus, Botswana, Central African Republic, Congo, Democratic Republic of, Cuba, Egypt, Estonia, Iceland, India, International, Iran, Iraq, Lebanon, Libya, Malaysia, Mali, Mexico, Myanmar, North Korea, Norway, Palestine, State of, Peru, Russian Federation, Samoa, Somalia, South Africa, South Sudan, Sudan, Syrian Arab Republic, Thailand, Ukraine, Venezuela, Yemen, Zimbabwe.",https://www.testrx.com/ct/976241,,,,,,,,,,,,,,,,,
Anti-aging,"Demand for anti-aging products continues to climb! Even during tough economic times, women in particular continue to spend money on ""feel good luxuries"" like makeup, beauty, and skincare products. And the growth of anti-aging products continues to outperform demand for general cosmetics! SellHealth offers a selection of premium quality anti-aging supplements, formulated using cutting-edge advancements in youth rejuvenation.",GenF20.com,GenF20 Plus?,"GenF20 Plus? is the #1 rated HGH Releaser available on the market today, targeting those who wish to fight aging and restore youthful appearance and vitality. It's a clear winner in the anti-aging market space where there are imposters abound; GenF20 Plus? stands out not only because it's safe, affordable, and doctor endorsed -- but because it's also enthusiastically recommended by clients.","Attention: No affiliate shall make reference to the products SeroVital, GF-9, Thrive, or any other product from Basic Research LLC or SanMedica International LLC.
Product Overview
GenF20 Plus? is the #1 rated HGH Releaser available on the market today, targeting those who wish to fight aging and restore youthful appearance and vitality.

It's a clear winner in the anti-aging market space where there are imposters abound; GenF20 Plus? stands out not only because it's doctor endorsed -- but because it's enthusiastically recommended by clients.

As you age, your HGH (human growth hormone) levels begin to drop off.

And as science has proven, this decrease in HGH directly correlates to how rapidly your body begins to age, affecting everything from your appearance (sagging, wrinkles) to your muscle tone, fat retention, memory, sex drive, energy levels, and more!

GenF20 Plus? helps your body to safely and naturally restore the HGH levels of your youth, literally REVERSING aging, all without costly and potentially dangerous injections of synthetic HGH.

It's a dietary supplement known as an ""HGH Releaser"" that contains a special, scientifically formulated combination of amino acids, nutrients, and peptides...

... All designed to kick start your pituitary gland into NATURALLY releasing more of your own HGH!

Benefits can include a more youthful appearance, increased muscle tone, fat loss, increased metabolism, a super-charged sex drive, boundless energy, and more.

For the vast majority of individuals, invasive surgeries and expensive anti-aging injections are simply out of the question. Yet they're still seeking an anti-aging solution...

... Safe, affordable, and doctor endorsed as a 100% natural HGH Releaser, GenF20 Plus? presents an exciting income opportunity for affiliates interested in the anti-aging market space.

Doctor Endorsements

See how our products are backed by real doctors, unlike competitor sites with false doctor endorsements, potentially putting yourself at legal risk for adertising them. We're actually the only company out of our competition that can back up why we're the best!

Dr. Steven Lamm, M.D.
Throughout my career as a doctor, researcher and author, I am constantly investigating new solutions and supplements that I can share with my patients to help them improve the quality of their life as they age, and that is why I want to introduce you to GenF20 Plus, a powerful, all-natural human growth hormone releaser.

Product Format
Daily supplement; each box contains 120 tablets, a one-month supply.","Suitable for both men and women aged 21 to 60+ who wish to reverse the effects of aging to enjoy a more youthful appearance, increased energy, weight loss, improved sex drive, and more.","GenF20 Plus is available for sale in all countries with the exception of Afghanistan, Belarus, Botswana, Central African Republic, Congo, Democratic Republic of, Cuba, Egypt, Estonia, Iceland, India, International, Iran, Iraq, Lebanon, Libya, Malaysia, Mali, Myanmar, North Korea, Norway, Palestine, State of, Peru, Russian Federation, Samoa, Somalia, South Africa, South Sudan, Sudan, Syrian Arab Republic, Thailand, Ukraine, Venezuela, Yemen, Zimbabwe.",https://www.genf20.com/ct/976241,,,,,,,,,,,,,,,,,
,,Testodren.com,Testodren?,"Promote this clinically-tested, patented formula of this all-natural testosterone boosting supplement. As men hit age 30, their testosterone levels begin to decline. Help men increase their strength, optimize energy, and boost libido with Testodren?!","Product Overview
Download our Testodren Product Guide to review key selling points.

The Testodren? formula is an all-natural, U.S. patented compound designed to increase testosterone levels in men over 30.

Testodren? is a single-ingredient formula. It contains 500 mg of a 100% natural, U.S. patented compound, derived from the Fenugreek herb (Trigonella foenum-graecum).

Increase Daily Energy Levels
Better Workouts
Build Muscle Faster
Reduce Body Fat
More Focus
More Motivation & Drive
Better Sex
The Testodren? formula increased free testosterone 72.87% in just 12 weeks!

Product Format
Daily supplement; each bottle contains 30 capsules, a one-month supply.","Suitable for men aged 30 to 60+ who wish to diminish the physical effects of aging on their testosterone levels to reduce fat, increase lean muscle mass, improve their strength, energy, and libido.","PrimeGENIX Testodren is available for sale in all countries with the exception of Afghanistan, Belarus, Botswana, Central African Republic, Congo, Democratic Republic of, Cuba, Egypt, Estonia, Iceland, India, International, Iran, Iraq, Lebanon, Libya, Malaysia, Mali, Mexico, Myanmar, North Korea, Norway, Palestine, State of, Peru, Russian Federation, Samoa, Somalia, South Africa, South Sudan, Sudan, Syrian Arab Republic, Thailand, Ukraine, Venezuela, Yemen, Zimbabwe.",https://www.testodren.com/ct/976241,,,,,,,,,,,,,,,,,
,,DIM3X.com,DIM 3X?,"DIM 3X? helps men to reduce the amount of active estrogen in their bodies. Help men lower estrogen levels, boost mood, focus, strength, and stamina!","DIM 3X? is an all-natural estrogen metabolizer that helps men to balance their hormones for optimal physical performance. This product has been specially formulated to help men reduce their active estrogen levels.

There are four key ingredients in DIM 3X? - Vitamin E, DIM, Astragin, and BioPerine.

This combination of ingredients help men:

Lowers Estrogen Levels
Supports Testosterone Production
Blocks Aromatase Enzyme
Boost Strength & Stamina
Enhances Mood & Focus
You see, DIM 3X? works by converting bad estrogen (2-hydroxyestrone) into good estrogen (16-alpha-hydroxy-estrone) metabolites.

By blocking the aromatase enzymes, it helps reduce testosterone from converting into estrogen, which is key for hormone balance.

DIM 3X? provides extra hormone support for optimal testosterone levels.

High estrogen levels can make a man feel drained, fat and miserable.

Thankfully, DIM 3X? is here to help men over age 40 with hormone issues. That's because studies show DIM could help reduce estrogen levels. And with the proper balance of estrogen you could improve your overall well-being.

Product Format

Daily supplement; each bottle contains 90 capsules.","Suitable for men aged 30 to 60+ who wish to diminish the physical effects of aging on their testosterone levels to reduce fat, increase lean muscle mass, improve their strength, energy, and libido.","PrimeGENIX DIM3X is available for sale in all countries with the exception of Afghanistan, Belarus, Botswana, Central African Republic, Congo, Democratic Republic of, Cuba, Egypt, Estonia, Iceland, India, International, Iran, Iraq, Lebanon, Libya, Malaysia, Mali, Mexico, Myanmar, North Korea, Norway, Palestine, State of, Peru, Russian Federation, Samoa, Somalia, South Africa, South Sudan, Sudan, Syrian Arab Republic, Thailand, Ukraine, Venezuela, Yemen, Zimbabwe.",https://www.dim3x.com/ct/976241,,,,,,,,,,,,,,,,,
,,GenF20Calcium.com,Icelandic Red Algae Calcium by GenF20?,"Icelandic Red Algae Calcium by GenF20? is formulated to help men and women with bone & joint support.

Help improve joint flexibility
Promote cartilage health
Help build stronger bones
Assist with decreasing painful inflammation","Product Overview
The formula for Red Algae Calcium is clinically shown to reduce pain and improve mobility in just 2 weeks!

Target market: Men and women aged 40+ who struggle with joint pain and mobility issues.

Keywords: Terms related to joint pain supplement, vitamins for joints, vitamins for joint pain, arthritis supplements and similar terms. Review the SellHealth Keyword spreadsheet for a complete list.

Ingredients:
Red Algae Calcium: The Plant-Based ""Superfood"" For Strong Bones & Healthy Joints
Vitamin K2: The Calcium ""Optimizer"" For Increasing Bone Mineral Content
Red Algae Magnesium: The ""Missing"" Essential Mineral For Increasing Bone Density & Improving Bone Formation
Citrus Bioflavonoids: Natures Shockingly Powerful Answer For Alleviating Terrible Joint Pain
Vitamin D3: The Bone-Strengthening Hormone That Enhances Calcium Absorption & Reduces Inflammation
Organic Vegan Blend: For EXTRA Bone & Joint Support
Information on the Clinical Study
The clinical study was performed at the renowned Minnesota Applied Research Center. There were 50 volunteers who participated. And each participant suffered from moderate to severe knee pain.

Researchers were determined to see if Red Algae was better than glucosamine.

So the volunteers were either given Red Algae or glucosamine or a placebo. And because the study was randomized and ""blind"", nobody knew who got what.

As expected, Red Algae and glucosamine ""beat"" the placebo.

But shockingly, Red Algae outperformed glucosamine in ALL parameters.

These positive results were measured in just 2 weeks.",,"GenF20 Icelandic Red Algae Calcium is available for sale in all countries with the exception of Afghanistan, Belarus, Botswana, Central African Republic, Congo, Democratic Republic of, Cuba, Egypt, Estonia, Iceland, India, International, Iran, Iraq, Lebanon, Libya, Malaysia, Mali, Mexico, Myanmar, North Korea, Norway, Palestine, State of, Peru, Russian Federation, Samoa, Somalia, South Africa, South Sudan, Sudan, Syrian Arab Republic, Thailand, Ukraine, Venezuela, Yemen, Zimbabwe.",https://www.genf20calcium.com/ct/976241,,,,,,,,,,,,,,,,,
,,BrainPill.com,Brain Pill ,"The ingredients in SellHealth's flagship nootropic supplement Brain Pill have been shown to help men & women to boost focus, increase mental energy, and reduce brain fog.","BrainPill?
Help People Keep Their Memory and Boost Intelligence!
Product Overview:
Memory loss really hits home. It's both sad and lonely - to say nothing of the decrease in productivity at work and the effects on family and friends.

BrainPill? was designed to address that, with a series of clinically studied natural nootropics that help clients:

Boost Memory
Increase Cognitive Skills
Have Faster Recall of Facts
Focus Better
Enhance Brain Power
Perform Under Pressure
Have Better Problem-Solving Skills
Eliminate Brain Fog and More
You'll make crazy amounts of money with BrainPill?, believe us. Recommend it to students, professionals - anyone who wants or needs their memory and related cognitive skills to be better.

It's their 'unfair advantage' - and yours too - because it converts like crazy and could buy you some very nice luxuries in life!

Product Format:
Each box has 60 capsules and should last a month. Recommended dosage is two capsules; once in the morning and again in the afternoon.","Men and women 21+, including students, professionals, and people who want to protect their memory as they get older.","Brainpill is available for sale in all countries with the exception of Afghanistan, Belarus, Botswana, Central African Republic, Congo, Democratic Republic of, Cuba, Egypt, Estonia, Germany, Iceland, India, International, Iran, Iraq, Ireland, Japan, Lebanon, Libya, Malaysia, Mali, Mexico, Myanmar, North Korea, Norway, Palestine, State of, Peru, Russian Federation, Samoa, Somalia, South Africa, South Sudan, Spain, Sudan, Syrian Arab Republic, Thailand, Ukraine, United Kingdom, Venezuela, Yemen, Zimbabwe.",https://www.brainpill.com/ct/976241,,,,,,,,,,,,,,,,,
,,PrimeGENIXBoneComplex.com,PrimeGENIX? Bone Complex,"PrimeGENIX? has created a revolutionary bone-support formula for men called Bone Complex. It?s tailor-made to deliver a full-spectrum of bone support to the male skeletal structure. Plus, this formula is all-natural without any reported negative side effects so you can naturally strengthen the bones in your wrists, hip, spine and entire body - giving you the confidence to ""GO HARD"" in any sport or outdoor activity you enjoy!","Product Overview
A Comprehensive Bone Support Breakthrough For Aging Men Who Want To Stay Active

PrimeGENIX? Bone Complex is a one of a kind formula delivering a FULL-SPECTRUM of bone health support, specifically designed for men.

Our easy to use formula is made with TEN powerful nutrients shown to improve bone health - so you can increase bone density, reduce bone loss and protect against fractures NATURALLY - this way you might find yourself forgetting about bone worries while focusing more on enjoying your life like you deserve!

PLUS... our one-of-a-kind formula provides you with MCHA - a superior-absorbing type of calcium LOADED with special bone-building nutrients clinically proven to improve bone health. As you'll soon see, our 100% natural formula will help you feel confident that you?re nourishing your bones with EVERYTHING you need to build stronger bones as you age.

Keyword Suggestions
Top keywords will include: Bone Health Supplements, Vitamin for Bones, Bone & Joint Vitamins, Bone Supplements.

Ingredients
MCHA
Magnesium
Boron
Phosphorus
Copper
Manganese
Vitamin C
Zinc
Vitamin D3
Vitamin K
Product Format
Daily supplement; Take 1 to 6 capsules daily. Each bottle contains 120 capsules.","Suitable for men aged 30+ who want to improve their bone health, bone density, minimize bone loss, lower risk of fractures and increase bone mineralization.","PrimeGENIX Bone Complex is available for sale in all countries with the exception of Afghanistan, Belarus, Botswana, Central African Republic, Congo, Democratic Republic of, Cuba, Egypt, Estonia, Iceland, India, International, Iran, Iraq, Lebanon, Libya, Malaysia, Mali, Mexico, Myanmar, North Korea, Norway, Palestine, State of, Peru, Russian Federation, Samoa, Somalia, South Africa, South Sudan, Sudan, Syrian Arab Republic, Thailand, Ukraine, Venezuela, Yemen, Zimbabwe.

",https://www.primegenixbonecomplex.com/ct/976241,,,,,,,,,,,,,,,,,
,,TestRX.com,TestRX?,"Want to make money off the muscle crowd? Push TestRX? - it's a natural testosterone booster that helps guys smash through barriers in the gym and get bigger muscles, more energy and even better virility!","TestRX?
Boosts Testosterone
For Guys Who Want Bigger Muscles!
Product Overview:
Sex and muscles. That's not a hard sell, and it's the main reason why TestRX? natural bodybuilding testosterone supplement could make your pockets very heavy.

TestRX? boosts testosterone naturally. This helps with protein synthesis and helps guys:

Have Bigger Muscle Growth
Get More Energy
Recover Faster
Smash Through Barriers
Get a Head-Turning Body!
You can also mention that TestRX? has ZMA - zinc monomethionine aspartate, magnesium aspartate and vitamin B6 (pyridoxine), which helped NCAA football players 'significantly' boost HGH and testosterone in a clinical study.

And the part about how TestRX? can get your clients more sex?

Studies on the ingredients in TestRX? show they increase male virility in addition to building muscles (because it increases testosterone). Yet they'll have the body to attract more women with TestRX? , be it their married partner or for a little fun if they're unattached.

Your angle - sell TestRX? as the natural bodybuilding supplement guys can use to boost testosterone naturally and bust through barriers to bigger muscle growth.

Your clients get bigger and look like alpha dogs as a result - and YOU will get a whole lot richer thanks to TestRX? and its winning formula!

Product Format:
Each box contains 120 capsules of TestRX? and lasts one month.",Men age 21+ who are active and want bigger muscles and ongoing athletic potential without needles.,"TestRX 120 is available for sale in all countries with the exception of Afghanistan, Belarus, Botswana, Central African Republic, Congo, Democratic Republic of, Cuba, Egypt, Estonia, Iceland, India, International, Iran, Iraq, Lebanon, Libya, Malaysia, Mali, Mexico, Myanmar, North Korea, Norway, Palestine, State of, Peru, Russian Federation, Samoa, Somalia, South Africa, South Sudan, Sudan, Syrian Arab Republic, Thailand, Ukraine, Venezuela, Yemen, Zimbabwe.",https://www.testrx.com/ct/976241,,,,,,,,,,,,,,,,,
,,HyperGH14x.com,HyperGH 14x?,"For greater lean muscle mass, less body fat and a natural boost in the weight room, HyperGH 14x? takes the male physique to new levels of performance and even sex appeal. Muscle often turns to flab, and a once impressive body becomes mediocre with age. But your clients don't have to go out like that. Giv'em HyperGH 14x? for a natural edge, more muscle and soaring confidence!","Attention: No affiliate shall make reference to the products SeroVital, GF-9, Thrive, or any other product from Basic Research LLC or SanMedica International LLC.
HyperGH 14x?
A Natural Edge For More Muscle!
For lean, hard muscle, less body fat, an extra boost in the gym and a natural way to supercharge your workouts, HyperGH 14x? is gonna rock the world of body building.

We're not talking about steroids or synthetic HGH either. We're talking about your body's own HGH, secreted naturally in sync with your circadian rhythm, to maximize energy, recovery and growth of lean, hard muscle.

We're talking HyperGH 14x?, formulated to naturally supercharge the body with the energy to pack on that sexy muscle that guys want and women lust for. We've designed it to produce:

more lean muscle mass
less body fat
a natural energy boost
better results from similar training efforts
faster recovery time
We're very excited about HyperGH 14x? because it's got a huge demographic. All men, aged 21 and higher, who want that lean muscle can benefit from that extra, natural kick in the weight room.

Younger men will enjoy that it's a safe and legal way to jump-start their muscle tone. And baby boomers will love that it's formulated for natural secretion of HGH, and with that, may stimulate that muscle tone, reduce flab and morph a fading physique into that of a fit, sexy senior!

Product Format:
An oral supplement and an oral spray with Alpha-GPC; both taken/administered twice, and two times each day (four tablets and four sprays daily).","Men age 21 and higher who want a natural boost to their workouts, more muscle tone, less body fat and the sex appeal of a sculpted physique.","HyperGH14x is available for sale in all countries with the exception of Afghanistan, Belarus, Botswana, Central African Republic, Congo, Democratic Republic of, Cuba, Egypt, Estonia, Iceland, India, International, Iran, Iraq, Lebanon, Libya, Malaysia, Mali, Mexico, Myanmar, North Korea, Norway, Palestine, State of, Peru, Russian Federation, Samoa, Somalia, South Africa, South Sudan, Sudan, Syrian Arab Republic, Thailand, Ukraine, Venezuela, Yemen, Zimbabwe.",https://www.hypergh14x.com/ct/976241,,,,,,,,,,,,,,,,,
,,Provacyl.com,Provacyl?,"Specifically formulated to address andropause, or the steady decrease of hormone production in men, Provacyl holds immense potential for a generation of baby boomers looking to make their golden years count. Forget thinning hair, excess body fat and decreased sex drive. Provacyl is a powerful HGH releaser that changes lives and will be a leader in the anti-aging market for years to come.","Attention: No affiliate shall make reference to the products SeroVital, GF-9, Thrive, or any other product from Basic Research LLC or SanMedica International LLC.
Provacyl?
Increase Physical Stamina, Decrease Body Fat, Feel Younger
Provacyl is about to take off. Here's why.

A generation of men are beginning to retire and enter their senior years. Baby boomers control over 80% of American wealth, account for 50% of discretionary spending and buy 77% of all prescription medications.

We're beyond billions. The male baby boomer generation is a trillion dollar market segment. That's trillion, with a 't'. And that's just the United States.

As a human growth hormone (HGH) releaser, Provacyl is positioned to help millions address the symptoms of andropause, or the gradual decrease of hormone production in men, with a potent and natural blend of herbals, amino acids and nutrients that are clinically proven to:

naturally increase the male sex drive
help reduce excess body fat
increase lean muscle mass
boost physical stamina
produce feelings of well-being and positive life outlook
Let's face it, guys are always going to want great sex, look good and feel great. The good news for you the affiliate is that with Provacyl, they can do it without the cost and expense of synthetic HGH injections.

Provacyl has a list of happy clients, produces no known side effects and offers hope to men around the world who want a safe and affordable way to enjoy their retirement years.

Product Format
Provacyl is a dietary supplement pill, taken twice a day.","Suitable for men age 40 to 65+ who are looking to address the symptoms of andropause. Specifically, men who want to boost sex drive, increase lean muscle mass and reduce excess body fat.","Provacyl 120 is available for sale in all countries with the exception of Afghanistan, Belarus, Botswana, Brazil, Central African Republic, Congo, Democratic Republic of, Cuba, Egypt, Estonia, Germany, Iceland, India, International, Iran, Iraq, Ireland, Israel, Japan, Lebanon, Libya, Malaysia, Mali, Mexico, Myanmar, North Korea, Norway, Palestine, State of, Peru, Russian Federation, Samoa, Somalia, South Africa, South Korea, South Sudan, Sudan, Syrian Arab Republic, Thailand, Ukraine, Venezuela, Yemen, Zimbabwe.",https://www.provacyl.com/ct/976241,,,,,,,,,,,,,,,,,
,,GenFX.com,GenFX,"Typically any affiliate that has had strong success with GenF20 Plus in the #1 spot on their HGH review site also earns substantial commissions with GenFX in the #2 spot. GenFX is a solid performer in the HGH market with an extensive track record, strong customer testimonials, and credible doctor endorsements.","Attention: No affiliate shall make reference to the products SeroVital, GF-9, Thrive, or any other product from Basic Research LLC or SanMedica International LLC.
Product Overview
If you are looking for an HGH product to promote as #2 to GenF20 Plus then look no further. GenFX is a solid contender that has a loyal customer base driven by real results.

As the boomer population ages, HGH releasers are becoming more and more popular as an alternative to dangerous and expensive injections. This is a massive market of customers who are already aware of the anti-aging benefits HGH offers and are actively seeking out HGH releasers on the Internet.

Muscle building is another popular target market for HGH releasers as bodybuilders and weight lifters continue to look for supplements to give them the edge. And with HGH's track record of speeding recovery and growth, more and more athletes are turning to HGH releasers as a legal and cost effective source of increased HGH!

Product Format
Daily supplement; each box contains 60 capsules, a one-month supply.","Suitable for both men and women aged 21 to 60+ who wish to reverse the effects of aging to enjoy a more youthful appearance, increased energy, weight loss, improved sex drive, and more.","GenFX is available for sale in all countries with the exception of Afghanistan, Belarus, Botswana, Central African Republic, Congo, Democratic Republic of, Cuba, Egypt, Estonia, India, International, Iran, Iraq, Lebanon, Libya, Malaysia, Mali, Mexico, Myanmar, North Korea, Norway, Palestine, State of, Peru, Russian Federation, Samoa, Somalia, South Africa, South Sudan, Sudan, Syrian Arab Republic, Thailand, Ukraine, Venezuela, Yemen, Zimbabwe.",https://www.genfx.com/ct/976241,,,,,,,,,,,,,,,,,
,,KollagenIntensiv.com,Kollagen Intensiv?,"The market for anti aging products, specifically for women, is astronomical. We are very excited to offer Kollagen Intensiv? to your female audience! The packages we have put together for this product include some amazing bonus items that convey spa like qualities for that woman who wants to treat herself to the very best.","Kollagen Intensiv?
Accelerate Your NATURAL Collagen Production In Just 84 Days
Here's a product suitable for promotion on almost ANY website targeted to women aged 35 and up.

Kollagen Intensiv? includes the very latest medical breakthroughs in natural collagen renewal, encouraging your skin to naturally increase collagen production for a visible reduction of wrinkles, fine lines, age spots, and more. Skin regains a more youthful appearance.

Rooted in Switzerland, the luxurious formulation of Kollagen Intensiv? contains the patented peptide, SYN?-COLL, which has been clinically proven to:

Increase your skin's natural production of collagen
Reduce the appearance of even the deepest lines and wrinkles
Firm and tone the skin for a more youthful appearance
Moisturize and hydrate the skin
Help repair damage including age spots and sun damage
With Kollagen Intensiv?, there's no need for expensive collagen injections that can run you $750-$2,800+ per year.

Product Format
Single jar contains 4 oz of Kollagen Intensiv?.","Women, aged 35 to 60+, who want to visibly improve skin's overall elasticity and flexibility while promoting higher levels of moisture retention on the cellular level for a more youthful appearance.","Kollagen Intensiv 2oz is available for sale in all countries with the exception of Afghanistan, Belarus, Botswana, Central African Republic, Congo, Democratic Republic of, Cuba, Egypt, Estonia, Iceland, India, International, Iran, Iraq, Lebanon, Libya, Malaysia, Mali, Mexico, Myanmar, North Korea, Norway, Palestine, State of, Peru, Russian Federation, Samoa, Somalia, South Africa, South Sudan, Sudan, Syrian Arab Republic, Thailand, Ukraine, Venezuela, Yemen, Zimbabwe.",https://www.kollagenintensiv.com/ct/976241,,,,,,,,,,,,,,,,,
,,DermeffaceFX7.com,Dermefface FX 7? by Skinception?,"A scar is an unpleasant reminder that the body's been traumatized. And scars linger, to the point that many people try to hide them with make-up and clothing. You can tell your customers that's not necessary, however, because Dermefface FX7? Scar Reduction Therapy is a proven way to naturally erase those unflattering scars!","Dermefface FX 7? by Skinception?
Erase Scars!
What do a pencil and Dermefface FX7? Scar Reduction Therapy have in common? They both erase things. Only with Dermefface FX7? Scar Reduction Therapy, the canvas is the human body, and the reward is sexy skin with visibly faded scarring.

Hope that got your attention, because plenty of folks have scars they'd prefer to not have. And when you help erase those reminders of physical trauma and give these clients the sexy skin they desire, they'll be very grateful indeed. Translation: hefty commissions!

Your wallet is about to get bigger thanks to Dermefface FX7? Scar Reduction Therapy. Interested?

Dermefface FX7? Scar Reduction Therapy is a natural process that works with the skin's 28-day regeneration process. We've designed it to stimulate a healthy balance of collagen production, push 'scarred' skin cells to the surface where they're sloughed off and replaced by normal, healthy, vibrant and scar-free skin cells for the world to admire!

Product Format
Offered in a tube lasting thirty days. Applied twice daily, once in the morning and again in the evening.",Men and women age 21+ who want to increase their sex appeal and erase the embarrassment of scars on their skin.,"Dermefface FX7 is available for sale in all countries with the exception of Afghanistan, Belarus, Botswana, Central African Republic, Congo, Democratic Republic of, Cuba, Egypt, Estonia, Iceland, India, International, Iran, Iraq, Lebanon, Libya, Malaysia, Mali, Myanmar, North Korea, Norway, Palestine, State of, Peru, Russian Federation, Samoa, Somalia, South Africa, South Sudan, Sudan, Syrian Arab Republic, Thailand, Ukraine, Venezuela, Yemen, Zimbabwe.",https://www.dermeffacefx7.com/ct/976241,,,,,,,,,,,,,,,,,
,,Illuminatural6i.com,Illuminatural6i? by Skinception?,"Hyper-pigmentation is hyper-embarrassing. Those age spots, moles, acne scars and dark areas make once beautiful complexion look uneven and blotchy. What's worse, most traditional skin brightening products use harmful chemicals linked to all sorts of health ailments. And this means? An ace in your hand, with Illuminatural 6i?, a safe and effective skin lightener for consumers who want great skin with even complexion.","Illuminatural6i? by Skinception?
Advanced Skin Lightener
Flawless Complexion Without Harmful Chemicals

The things some women will do to reduce dark spots on their skin are truly staggering. And it makes the demand for a safe, yet potent product for beautiful skin void of blemishes all the more apparent.

Fortunately for them, AND for you, Illuminatural 6i? is that vehicle. From the hot-selling Skinception? line of skin-care products, Illuminatural 6i? is strategically formulated with gentle ingredients to lighten the skin, with a visible reduction of:

moles
freckles
birth marks
age spots
acne scars
and more!
For the consumer that wants beautiful complexion with healthy, blemish-free skin, Illuminatural 6i? offers a proven treatment to reduce those unsightly dark spots. And they'll sleep better at night knowing that, unlike most skin brighteners, there are no harsh chemicals in the formula. No hydroquinone, no steroids, no bleach, no mercury.

Consumers love great complexion and they'd prefer to get it with a safe product they can afford. You bring them Illuminatural 6i?. They bring dollars to your bank account!

Product Format
Offered as a 30 mL bottle; a one month supply.","Women aged 21+ who want to enjoy beautiful complexion and reduce visibility of moles, age spots, sun spots, birth marks, acne scars and more.","Illuminatural 6i is available for sale in all countries with the exception of Afghanistan, Belarus, Botswana, Central African Republic, Congo, Democratic Republic of, Cuba, Egypt, Estonia, Iceland, India, International, Iran, Iraq, Lebanon, Libya, Malaysia, Mali, Mexico, Myanmar, North Korea, Norway, Palestine, State of, Peru, Russian Federation, Samoa, Somalia, South Africa, South Sudan, Sudan, Syrian Arab Republic, Thailand, Ukraine, Venezuela, Yemen, Zimbabwe.",https://www.illuminatural6i.com/ct/976241,,,,,,,,,,,,,,,,,
,,Confitrol24.com,Confitrol24?,Confitrol24? is a high quality bladder leakage supplement that helps the estimated 13 million people who suffer from incontinence (in the US alone!) live without the embarrassment of leakage and frequent urination.,"Product Overview
This isn't just another supplement for folks with bladder leakage...

It's a life-changer for millions of potential customers. Yes, really - Confitrol24? helps men and women reduce embarrassing urine leakage and that sudden urge to run to a toilet. It promotes urinary tract health and anti-aging effects of the bladder.

But there's a lot more to Confitrol24? than just bladder control. It's made with a powerful proprietary blend that is developed by doctors and clinically proven called Urox?. Shown to reduce night time urination by 50%, Confitrol24? can have an immeasurable impact on quality of life for many of your potential customers!

Confitrol24?'s Competitive Advantages:
Confitrol24? brings you plenty of competitive advantages that you can use for your benefit. These include:

Urox? Proprietary Blend - Urox? is a proprietary blend of three nutrients that work synergistically to support bladder tone and healthy urinary tract function.

Designed By Doctors - Doctors designed the Confitrol24? formula, and used their medical expertise to make a product that works very well!

Clinically Shown Results - The Urox? blend has been clinically tested and shown to reduce daytime urinary frequency, night urination, bladder accidents and need to wear incontinence pads.

High Quality Natural Ingredients - We use only high quality natural ingredients - and we put them together at a cGMP-compliant facility in the United States!","Confitrol24? is for men and women 21+ who want to live without the embarrassment, discomfort and lower quality of life caused by bladder leakage and frequent urination. Confitrol24? is sold and shipped worldwide.","HerSolution Confitrol 24 is available for sale in all countries with the exception of Afghanistan, Belarus, Botswana, Central African Republic, Congo, Democratic Republic of, Cuba, Egypt, Estonia, Iceland, India, International, Iran, Iraq, Lebanon, Libya, Malaysia, Mali, Mexico, Myanmar, North Korea, Norway, Palestine, State of, Peru, Russian Federation, Samoa, Somalia, South Africa, South Sudan, Sudan, Syrian Arab Republic, Thailand, Ukraine, Venezuela, Yemen, Zimbabwe.",https://www.confitrol24.com/ct/976241,,,,,,,,,,,,,,,,,
,,PrimeGENIXProstateSupport.com,PrimeGENIX? Prostate Support ,"PrimeGENIX? Prostate Support is a dietary supplement designed to promote prostate health and urinary function in men. It contains natural ingredients like beta-sitosterol, saw palmetto, and pygeum africanum. The product aims to reduce frequent urination, improve bladder control, and support overall prostate wellness.","PrimeGENIX? brings you clinically proven and natural premium fitness supplements for men over 40 who want to get in shape and have more energy! We follow a strict protocol when developing our formulas.

Which means, each ingredient MUST be backed by solid scientific research before we even consider it. In fact, our research team relentlessly pours over world-renowned medical and scientific journals with every formula we create.

Get your links and start promoting our industry-leading testosterone booster, cortisol blocker, estrogen reducer, whey isolate protein and our pre-workout formulas!",Men 40+ who are concerned about their prostate health.,"PrimeGENIX Prostate is available for sale in all countries with the exception of Afghanistan, Belarus, Botswana, Central African Republic, Congo, Democratic Republic of, Cuba, Egypt, Estonia, Iceland, India, International, Iran, Iraq, Lebanon, Libya, Malaysia, Mali, Mexico, Myanmar, North Korea, Norway, Palestine, State of, Peru, Russian Federation, Samoa, Somalia, South Africa, South Sudan, Sudan, Syrian Arab Republic, Thailand, Ukraine, Venezuela, Yemen, Zimbabwe.",https://www.primegenixprostatesupport.com/ct/976241,,,,,,,,,,,,,,,,,
Skin Care,"Healthy, clear, youthful-looking skin continues to be prized, evident by the continued increase in demand for skin care solutions that combat adult acne, sun damage, wrinkles, age spots, and more. But achieving youthful-looking skin takes more than a simple lotion - it starts on the INSIDE, and that's why the SellHealth network features a number of doctor-endorsed skin care supplements and multi-step rejuvenation systems.",KollagenIntensiv.com,Kollagen Intensiv?,"The market for anti aging products, specifically for women, is astronomical. We are very excited to offer Kollagen Intensiv? to your female audience! The packages we have put together for this product include some amazing bonus items that convey spa like qualities for that woman who wants to treat herself to the very best.","Kollagen Intensiv?
Accelerate Your NATURAL Collagen Production In Just 84 Days
Here's a product suitable for promotion on almost ANY website targeted to women aged 35 and up.

Kollagen Intensiv? includes the very latest medical breakthroughs in natural collagen renewal, encouraging your skin to naturally increase collagen production for a visible reduction of wrinkles, fine lines, age spots, and more. Skin regains a more youthful appearance.

Rooted in Switzerland, the luxurious formulation of Kollagen Intensiv? contains the patented peptide, SYN?-COLL, which has been clinically proven to:

Increase your skin's natural production of collagen
Reduce the appearance of even the deepest lines and wrinkles
Firm and tone the skin for a more youthful appearance
Moisturize and hydrate the skin
Help repair damage including age spots and sun damage
With Kollagen Intensiv?, there's no need for expensive collagen injections that can run you $750-$2,800+ per year.

Product Format
Single jar contains 4 oz of Kollagen Intensiv?.","Women, aged 35 to 60+, who want to visibly improve skin's overall elasticity and flexibility while promoting higher levels of moisture retention on the cellular level for a more youthful appearance.","Kollagen Intensiv 2oz is available for sale in all countries with the exception of Afghanistan, Belarus, Botswana, Central African Republic, Congo, Democratic Republic of, Cuba, Egypt, Estonia, Iceland, India, International, Iran, Iraq, Lebanon, Libya, Malaysia, Mali, Mexico, Myanmar, North Korea, Norway, Palestine, State of, Peru, Russian Federation, Samoa, Somalia, South Africa, South Sudan, Sudan, Syrian Arab Republic, Thailand, Ukraine, Venezuela, Yemen, Zimbabwe.",https://www.kollagenintensiv.com/ct/976241,,,,,,,,,,,,,,,,,
,,"Illuminatural6i.com
",Illuminatural 6i?,"Hyper-pigmentation is hyper-embarrassing. Those age spots, moles, acne scars and dark areas make once beautiful complexion look uneven and blotchy. What's worse, most traditional skin brightening products use harmful chemicals linked to all sorts of health ailments. And this means? An ace in your hand, with Illuminatural 6i?, a safe and effective skin lightener for consumers who want great skin with even complexion.","Illuminatural6i? by Skinception?
Advanced Skin Lightener
Flawless Complexion Without Harmful Chemicals

The things some women will do to reduce dark spots on their skin are truly staggering. And it makes the demand for a safe, yet potent product for beautiful skin void of blemishes all the more apparent.

Fortunately for them, AND for you, Illuminatural 6i? is that vehicle. From the hot-selling Skinception? line of skin-care products, Illuminatural 6i? is strategically formulated with gentle ingredients to lighten the skin, with a visible reduction of:

moles
freckles
birth marks
age spots
acne scars
and more!
For the consumer that wants beautiful complexion with healthy, blemish-free skin, Illuminatural 6i? offers a proven treatment to reduce those unsightly dark spots. And they'll sleep better at night knowing that, unlike most skin brighteners, there are no harsh chemicals in the formula. No hydroquinone, no steroids, no bleach, no mercury.

Consumers love great complexion and they'd prefer to get it with a safe product they can afford. You bring them Illuminatural 6i?. They bring dollars to your bank account!

Product Format
Offered as a 30 mL bottle; a one month supply.","Women aged 21+ who want to enjoy beautiful complexion and reduce visibility of moles, age spots, sun spots, birth marks, acne scars and more.","Illuminatural 6i is available for sale in all countries with the exception of Afghanistan, Belarus, Botswana, Central African Republic, Congo, Democratic Republic of, Cuba, Egypt, Estonia, Iceland, India, International, Iran, Iraq, Lebanon, Libya, Malaysia, Mali, Mexico, Myanmar, North Korea, Norway, Palestine, State of, Peru, Russian Federation, Samoa, Somalia, South Africa, South Sudan, Sudan, Syrian Arab Republic, Thailand, Ukraine, Venezuela, Yemen, Zimbabwe.",https://www.illuminatural6i.com/ct/976241,,,,,,,,,,,,,,,,,
,,DermeffaceFX7.com,Dermefface FX7? Scar Reduction Therapy,"A scar is an unpleasant reminder that the body's been traumatized. And scars linger, to the point that many people try to hide them with make-up and clothing. You can tell your customers that's not necessary, however, because Dermefface FX7? Scar Reduction Therapy is a proven way to naturally erase those unflattering scars!","Dermefface FX 7? by Skinception?
Erase Scars!
What do a pencil and Dermefface FX7? Scar Reduction Therapy have in common? They both erase things. Only with Dermefface FX7? Scar Reduction Therapy, the canvas is the human body, and the reward is sexy skin with visibly faded scarring.

Hope that got your attention, because plenty of folks have scars they'd prefer to not have. And when you help erase those reminders of physical trauma and give these clients the sexy skin they desire, they'll be very grateful indeed. Translation: hefty commissions!

Your wallet is about to get bigger thanks to Dermefface FX7? Scar Reduction Therapy. Interested?

Dermefface FX7? Scar Reduction Therapy is a natural process that works with the skin's 28-day regeneration process. We've designed it to stimulate a healthy balance of collagen production, push 'scarred' skin cells to the surface where they're sloughed off and replaced by normal, healthy, vibrant and scar-free skin cells for the world to admire!

Product Format
Offered in a tube lasting thirty days. Applied twice daily, once in the morning and again in the evening.",Men and women age 21+ who want to increase their sex appeal and erase the embarrassment of scars on their skin.,"Dermefface FX7 is available for sale in all countries with the exception of Afghanistan, Belarus, Botswana, Central African Republic, Congo, Democratic Republic of, Cuba, Egypt, Estonia, Iceland, India, International, Iran, Iraq, Lebanon, Libya, Malaysia, Mali, Myanmar, North Korea, Norway, Palestine, State of, Peru, Russian Federation, Samoa, Somalia, South Africa, South Sudan, Sudan, Syrian Arab Republic, Thailand, Ukraine, Venezuela, Yemen, Zimbabwe.",https://www.dermeffacefx7.com/ct/976241,,,,,,,,,,,,,,,,,
,,,,,,,,,,,,,,,,,,,,,,,,,
,,,,,,,,,,,,,,,,,,,,,,,,,
,,,,,,,,,,,,,,,,,,,,,,,,,
,,,,,,,,,,,,,,,,,,,,,,,,,
,,,,,,,,,,,,,,,,,,,,,,,,,
,,,,,,,,,,,,,,,,,,,,,,,,,
,,,,,,,,,,,,,,,,,,,,,,,,,
,,,,,,,,,,,,,,,,,,,,,,,,,
,,,,,,,,,,,,,,,,,,,,,,,,,
,,,,,,,,,,,,,,,,,,,,,,,,,
,,,,,,,,,,,,,,,,,,,,,,,,,
,,,,,,,,,,,,,,,,,,,,,,,,,
,,,,,,,,,,,,,,,,,,,,,,,,,
,,,,,,,,,,,,,,,,,,,,,,,,,
,,,,,,,,,,,,,,,,,,,,,,,,,
,,,,,,,,,,,,,,,,,,,,,,,,,
,,,,,,,,,,,,,,,,,,,,,,,,,
,,,,,,,,,,,,,,,,,,,,,,,,,
,,,,,,,,,,,,,,,,,,,,,,,,,
,,,,,,,,,,,,,,,,,,,,,,,,,
,,,,,,,,,,,,,,,,,,,,,,,,,
,,,,,,,,,,,,,,,,,,,,,,,,,
,,,,,,,,,,,,,,,,,,,,,,,,,
,,,,,,,,,,,,,,,,,,,,,,,,,
,,,,,,,,,,,,,,,,,,,,,,,,,
,,,,,,,,,,,,,,,,,,,,,,,,,
,,,,,,,,,,,,,,,,,,,,,,,,,
,,,,,,,,,,,,,,,,,,,,,,,,,
,,,,,,,,,,,,,,,,,,,,,,,,,
,,,,,,,,,,,,,,,,,,,,,,,,,
,,,,,,,,,,,,,,,,,,,,,,,,,
,,,,,,,,,,,,,,,,,,,,,,,,,
,,,,,,,,,,,,,,,,,,,,,,,,,
,,,,,,,,,,,,,,,,,,,,,,,,,
,,,,,,,,,,,,,,,,,,,,,,,,,
,,,,,,,,,,,,,,,,,,,,,,,,,
,,,,,,,,,,,,,,,,,,,,,,,,,
,,,,,,,,,,,,,,,,,,,,,,,,,
,,,,,,,,,,,,,,,,,,,,,,,,,
,,,,,,,,,,,,,,,,,,,,,,,,,
,,,,,,,,,,,,,,,,,,,,,,,,,
,,,,,,,,,,,,,,,,,,,,,,,,,
,,,,,,,,,,,,,,,,,,,,,,,,,
,,,,,,,,,,,,,,,,,,,,,,,,,
,,,,,,,,,,,,,,,,,,,,,,,,,
,,,,,,,,,,,,,,,,,,,,,,,,,
,,,,,,,,,,,,,,,,,,,,,,,,,
,,,,,,,,,,,,,,,,,,,,,,,,,
,,,,,,,,,,,,,,,,,,,,,,,,,
,,,,,,,,,,,,,,,,,,,,,,,,,
,,,,,,,,,,,,,,,,,,,,,,,,,
,,,,,,,,,,,,,,,,,,,,,,,,,
,,,,,,,,,,,,,,,,,,,,,,,,,
,,,,,,,,,,,,,,,,,,,,,,,,,
,,,,,,,,,,,,,,,,,,,,,,,,,
,,,,,,,,,,,,,,,,,,,,,,,,,
,,,,,,,,,,,,,,,,,,,,,,,,,
,,,,,,,,,,,,,,,,,,,,,,,,,
,,,,,,,,,,,,,,,,,,,,,,,,,
,,,,,,,,,,,,,,,,,,,,,,,,,
,,,,,,,,,,,,,,,,,,,,,,,,,
,,,,,,,,,,,,,,,,,,,,,,,,,
,,,,,,,,,,,,,,,,,,,,,,,,,
,,,,,,,,,,,,,,,,,,,,,,,,,
,,,,,,,,,,,,,,,,,,,,,,,,,
,,,,,,,,,,,,,,,,,,,,,,,,,
,,,,,,,,,,,,,,,,,,,,,,,,,
,,,,,,,,,,,,,,,,,,,,,,,,,
,,,,,,,,,,,,,,,,,,,,,,,,,
,,,,,,,,,,,,,,,,,,,,,,,,,
,,,,,,,,,,,,,,,,,,,,,,,,,
,,,,,,,,,,,,,,,,,,,,,,,,,
,,,,,,,,,,,,,,,,,,,,,,,,,
,,,,,,,,,,,,,,,,,,,,,,,,,
,,,,,,,,,,,,,,,,,,,,,,,,,
,,,,,,,,,,,,,,,,,,,,,,,,,
,,,,,,,,,,,,,,,,,,,,,,,,,
,,,,,,,,,,,,,,,,,,,,,,,,,
,,,,,,,,,,,,,,,,,,,,,,,,,
,,,,,,,,,,,,,,,,,,,,,,,,,
,,,,,,,,,,,,,,,,,,,,,,,,,
,,,,,,,,,,,,,,,,,,,,,,,,,
,,,,,,,,,,,,,,,,,,,,,,,,,
,,,,,,,,,,,,,,,,,,,,,,,,,
,,,,,,,,,,,,,,,,,,,,,,,,,
,,,,,,,,,,,,,,,,,,,,,,,,,
,,,,,,,,,,,,,,,,,,,,,,,,,
,,,,,,,,,,,,,,,,,,,,,,,,,
,,,,,,,,,,,,,,,,,,,,,,,,,
,,,,,,,,,,,,,,,,,,,,,,,,,
,,,,,,,,,,,,,,,,,,,,,,,,,
,,,,,,,,,,,,,,,,,,,,,,,,,
,,,,,,,,,,,,,,,,,,,,,,,,,
,,,,,,,,,,,,,,,,,,,,,,,,,
,,,,,,,,,,,,,,,,,,,,,,,,,
,,,,,,,,,,,,,,,,,,,,,,,,,
,,,,,,,,,,,,,,,,,,,,,,,,,
,,,,,,,,,,,,,,,,,,,,,,,,,
,,,,,,,,,,,,,,,,,,,,,,,,,
,,,,,,,,,,,,,,,,,,,,,,,,,
,,,,,,,,,,,,,,,,,,,,,,,,,
,,,,,,,,,,,,,,,,,,,,,,,,,
,,,,,,,,,,,,,,,,,,,,,,,,,
,,,,,,,,,,,,,,,,,,,,,,,,,
,,,,,,,,,,,,,,,,,,,,,,,,,
,,,,,,,,,,,,,,,,,,,,,,,,,
,,,,,,,,,,,,,,,,,,,,,,,,,
,,,,,,,,,,,,,,,,,,,,,,,,,
,,,,,,,,,,,,,,,,,,,,,,,,,
,,,,,,,,,,,,,,,,,,,,,,,,,
,,,,,,,,,,,,,,,,,,,,,,,,,
,,,,,,,,,,,,,,,,,,,,,,,,,
,,,,,,,,,,,,,,,,,,,,,,,,,
,,,,,,,,,,,,,,,,,,,,,,,,,
,,,,,,,,,,,,,,,,,,,,,,,,,
,,,,,,,,,,,,,,,,,,,,,,,,,
,,,,,,,,,,,,,,,,,,,,,,,,,
,,,,,,,,,,,,,,,,,,,,,,,,,
,,,,,,,,,,,,,,,,,,,,,,,,,
,,,,,,,,,,,,,,,,,,,,,,,,,
,,,,,,,,,,,,,,,,,,,,,,,,,
,,,,,,,,,,,,,,,,,,,,,,,,,
,,,,,,,,,,,,,,,,,,,,,,,,,
,,,,,,,,,,,,,,,,,,,,,,,,,
,,,,,,,,,,,,,,,,,,,,,,,,,
,,,,,,,,,,,,,,,,,,,,,,,,,
,,,,,,,,,,,,,,,,,,,,,,,,,
,,,,,,,,,,,,,,,,,,,,,,,,,
,,,,,,,,,,,,,,,,,,,,,,,,,
,,,,,,,,,,,,,,,,,,,,,,,,,
,,,,,,,,,,,,,,,,,,,,,,,,,
,,,,,,,,,,,,,,,,,,,,,,,,,
,,,,,,,,,,,,,,,,,,,,,,,,,
,,,,,,,,,,,,,,,,,,,,,,,,,
,,,,,,,,,,,,,,,,,,,,,,,,,
,,,,,,,,,,,,,,,,,,,,,,,,,
,,,,,,,,,,,,,,,,,,,,,,,,,
,,,,,,,,,,,,,,,,,,,,,,,,,
,,,,,,,,,,,,,,,,,,,,,,,,,
,,,,,,,,,,,,,,,,,,,,,,,,,
,,,,,,,,,,,,,,,,,,,,,,,,,
,,,,,,,,,,,,,,,,,,,,,,,,,
,,,,,,,,,,,,,,,,,,,,,,,,,
,,,,,,,,,,,,,,,,,,,,,,,,,
,,,,,,,,,,,,,,,,,,,,,,,,,
,,,,,,,,,,,,,,,,,,,,,,,,,
,,,,,,,,,,,,,,,,,,,,,,,,,
,,,,,,,,,,,,,,,,,,,,,,,,,
,,,,,,,,,,,,,,,,,,,,,,,,,
,,,,,,,,,,,,,,,,,,,,,,,,,
,,,,,,,,,,,,,,,,,,,,,,,,,
,,,,,,,,,,,,,,,,,,,,,,,,,
,,,,,,,,,,,,,,,,,,,,,,,,,
,,,,,,,,,,,,,,,,,,,,,,,,,
,,,,,,,,,,,,,,,,,,,,,,,,,
,,,,,,,,,,,,,,,,,,,,,,,,,
,,,,,,,,,,,,,,,,,,,,,,,,,
,,,,,,,,,,,,,,,,,,,,,,,,,
,,,,,,,,,,,,,,,,,,,,,,,,,
,,,,,,,,,,,,,,,,,,,,,,,,,
,,,,,,,,,,,,,,,,,,,,,,,,,
,,,,,,,,,,,,,,,,,,,,,,,,,
,,,,,,,,,,,,,,,,,,,,,,,,,
,,,,,,,,,,,,,,,,,,,,,,,,,
,,,,,,,,,,,,,,,,,,,,,,,,,
,,,,,,,,,,,,,,,,,,,,,,,,,
,,,,,,,,,,,,,,,,,,,,,,,,,
,,,,,,,,,,,,,,,,,,,,,,,,,
,,,,,,,,,,,,,,,,,,,,,,,,,
,,,,,,,,,,,,,,,,,,,,,,,,,
,,,,,,,,,,,,,,,,,,,,,,,,,
,,,,,,,,,,,,,,,,,,,,,,,,,
,,,,,,,,,,,,,,,,,,,,,,,,,
,,,,,,,,,,,,,,,,,,,,,,,,,
,,,,,,,,,,,,,,,,,,,,,,,,,
,,,,,,,,,,,,,,,,,,,,,,,,,
,,,,,,,,,,,,,,,,,,,,,,,,,
,,,,,,,,,,,,,,,,,,,,,,,,,
,,,,,,,,,,,,,,,,,,,,,,,,,
,,,,,,,,,,,,,,,,,,,,,,,,,
,,,,,,,,,,,,,,,,,,,,,,,,,
,,,,,,,,,,,,,,,,,,,,,,,,,
,,,,,,,,,,,,,,,,,,,,,,,,,
,,,,,,,,,,,,,,,,,,,,,,,,,
,,,,,,,,,,,,,,,,,,,,,,,,,
,,,,,,,,,,,,,,,,,,,,,,,,,
,,,,,,,,,,,,,,,,,,,,,,,,,
,,,,,,,,,,,,,,,,,,,,,,,,,
,,,,,,,,,,,,,,,,,,,,,,,,,
,,,,,,,,,,,,,,,,,,,,,,,,,
,,,,,,,,,,,,,,,,,,,,,,,,,
,,,,,,,,,,,,,,,,,,,,,,,,,
,,,,,,,,,,,,,,,,,,,,,,,,,
,,,,,,,,,,,,,,,,,,,,,,,,,
,,,,,,,,,,,,,,,,,,,,,,,,,
,,,,,,,,,,,,,,,,,,,,,,,,,
,,,,,,,,,,,,,,,,,,,,,,,,,
,,,,,,,,,,,,,,,,,,,,,,,,,
,,,,,,,,,,,,,,,,,,,,,,,,,
,,,,,,,,,,,,,,,,,,,,,,,,,
,,,,,,,,,,,,,,,,,,,,,,,,,
,,,,,,,,,,,,,,,,,,,,,,,,,
,,,,,,,,,,,,,,,,,,,,,,,,,
,,,,,,,,,,,,,,,,,,,,,,,,,
,,,,,,,,,,,,,,,,,,,,,,,,,
,,,,,,,,,,,,,,,,,,,,,,,,,
,,,,,,,,,,,,,,,,,,,,,,,,,
,,,,,,,,,,,,,,,,,,,,,,,,,
,,,,,,,,,,,,,,,,,,,,,,,,,
,,,,,,,,,,,,,,,,,,,,,,,,,
,,,,,,,,,,,,,,,,,,,,,,,,,
,,,,,,,,,,,,,,,,,,,,,,,,,
,,,,,,,,,,,,,,,,,,,,,,,,,
,,,,,,,,,,,,,,,,,,,,,,,,,
,,,,,,,,,,,,,,,,,,,,,,,,,
,,,,,,,,,,,,,,,,,,,,,,,,,
,,,,,,,,,,,,,,,,,,,,,,,,,
,,,,,,,,,,,,,,,,,,,,,,,,,
,,,,,,,,,,,,,,,,,,,,,,,,,
,,,,,,,,,,,,,,,,,,,,,,,,,
,,,,,,,,,,,,,,,,,,,,,,,,,
,,,,,,,,,,,,,,,,,,,,,,,,,
,,,,,,,,,,,,,,,,,,,,,,,,,
,,,,,,,,,,,,,,,,,,,,,,,,,
,,,,,,,,,,,,,,,,,,,,,,,,,
,,,,,,,,,,,,,,,,,,,,,,,,,
,,,,,,,,,,,,,,,,,,,,,,,,,
,,,,,,,,,,,,,,,,,,,,,,,,,
,,,,,,,,,,,,,,,,,,,,,,,,,
,,,,,,,,,,,,,,,,,,,,,,,,,
,,,,,,,,,,,,,,,,,,,,,,,,,
,,,,,,,,,,,,,,,,,,,,,,,,,
,,,,,,,,,,,,,,,,,,,,,,,,,
,,,,,,,,,,,,,,,,,,,,,,,,,
,,,,,,,,,,,,,,,,,,,,,,,,,
,,,,,,,,,,,,,,,,,,,,,,,,,
,,,,,,,,,,,,,,,,,,,,,,,,,
,,,,,,,,,,,,,,,,,,,,,,,,,
,,,,,,,,,,,,,,,,,,,,,,,,,
,,,,,,,,,,,,,,,,,,,,,,,,,
,,,,,,,,,,,,,,,,,,,,,,,,,
,,,,,,,,,,,,,,,,,,,,,,,,,
,,,,,,,,,,,,,,,,,,,,,,,,,
,,,,,,,,,,,,,,,,,,,,,,,,,
,,,,,,,,,,,,,,,,,,,,,,,,,
,,,,,,,,,,,,,,,,,,,,,,,,,
,,,,,,,,,,,,,,,,,,,,,,,,,
,,,,,,,,,,,,,,,,,,,,,,,,,
,,,,,,,,,,,,,,,,,,,,,,,,,
,,,,,,,,,,,,,,,,,,,,,,,,,
,,,,,,,,,,,,,,,,,,,,,,,,,
,,,,,,,,,,,,,,,,,,,,,,,,,
,,,,,,,,,,,,,,,,,,,,,,,,,
,,,,,,,,,,,,,,,,,,,,,,,,,
,,,,,,,,,,,,,,,,,,,,,,,,,
,,,,,,,,,,,,,,,,,,,,,,,,,
,,,,,,,,,,,,,,,,,,,,,,,,,
,,,,,,,,,,,,,,,,,,,,,,,,,
,,,,,,,,,,,,,,,,,,,,,,,,,
,,,,,,,,,,,,,,,,,,,,,,,,,
,,,,,,,,,,,,,,,,,,,,,,,,,
,,,,,,,,,,,,,,,,,,,,,,,,,
,,,,,,,,,,,,,,,,,,,,,,,,,
,,,,,,,,,,,,,,,,,,,,,,,,,
,,,,,,,,,,,,,,,,,,,,,,,,,
,,,,,,,,,,,,,,,,,,,,,,,,,
,,,,,,,,,,,,,,,,,,,,,,,,,
,,,,,,,,,,,,,,,,,,,,,,,,,
,,,,,,,,,,,,,,,,,,,,,,,,,
,,,,,,,,,,,,,,,,,,,,,,,,,
,,,,,,,,,,,,,,,,,,,,,,,,,
,,,,,,,,,,,,,,,,,,,,,,,,,
,,,,,,,,,,,,,,,,,,,,,,,,,
,,,,,,,,,,,,,,,,,,,,,,,,,
,,,,,,,,,,,,,,,,,,,,,,,,,
,,,,,,,,,,,,,,,,,,,,,,,,,
,,,,,,,,,,,,,,,,,,,,,,,,,
,,,,,,,,,,,,,,,,,,,,,,,,,
,,,,,,,,,,,,,,,,,,,,,,,,,
,,,,,,,,,,,,,,,,,,,,,,,,,
,,,,,,,,,,,,,,,,,,,,,,,,,
,,,,,,,,,,,,,,,,,,,,,,,,,
,,,,,,,,,,,,,,,,,,,,,,,,,
,,,,,,,,,,,,,,,,,,,,,,,,,
,,,,,,,,,,,,,,,,,,,,,,,,,
,,,,,,,,,,,,,,,,,,,,,,,,,
,,,,,,,,,,,,,,,,,,,,,,,,,
,,,,,,,,,,,,,,,,,,,,,,,,,
,,,,,,,,,,,,,,,,,,,,,,,,,
,,,,,,,,,,,,,,,,,,,,,,,,,
,,,,,,,,,,,,,,,,,,,,,,,,,
,,,,,,,,,,,,,,,,,,,,,,,,,
,,,,,,,,,,,,,,,,,,,,,,,,,
,,,,,,,,,,,,,,,,,,,,,,,,,
,,,,,,,,,,,,,,,,,,,,,,,,,
,,,,,,,,,,,,,,,,,,,,,,,,,
,,,,,,,,,,,,,,,,,,,,,,,,,
,,,,,,,,,,,,,,,,,,,,,,,,,
,,,,,,,,,,,,,,,,,,,,,,,,,
,,,,,,,,,,,,,,,,,,,,,,,,,
,,,,,,,,,,,,,,,,,,,,,,,,,
,,,,,,,,,,,,,,,,,,,,,,,,,
,,,,,,,,,,,,,,,,,,,,,,,,,
,,,,,,,,,,,,,,,,,,,,,,,,,
,,,,,,,,,,,,,,,,,,,,,,,,,
,,,,,,,,,,,,,,,,,,,,,,,,,
,,,,,,,,,,,,,,,,,,,,,,,,,
,,,,,,,,,,,,,,,,,,,,,,,,,
,,,,,,,,,,,,,,,,,,,,,,,,,
,,,,,,,,,,,,,,,,,,,,,,,,,
,,,,,,,,,,,,,,,,,,,,,,,,,
,,,,,,,,,,,,,,,,,,,,,,,,,
,,,,,,,,,,,,,,,,,,,,,,,,,
,,,,,,,,,,,,,,,,,,,,,,,,,
,,,,,,,,,,,,,,,,,,,,,,,,,
,,,,,,,,,,,,,,,,,,,,,,,,,
,,,,,,,,,,,,,,,,,,,,,,,,,
,,,,,,,,,,,,,,,,,,,,,,,,,
,,,,,,,,,,,,,,,,,,,,,,,,,
,,,,,,,,,,,,,,,,,,,,,,,,,
,,,,,,,,,,,,,,,,,,,,,,,,,
,,,,,,,,,,,,,,,,,,,,,,,,,
,,,,,,,,,,,,,,,,,,,,,,,,,
,,,,,,,,,,,,,,,,,,,,,,,,,
,,,,,,,,,,,,,,,,,,,,,,,,,
,,,,,,,,,,,,,,,,,,,,,,,,,
,,,,,,,,,,,,,,,,,,,,,,,,,
,,,,,,,,,,,,,,,,,,,,,,,,,
,,,,,,,,,,,,,,,,,,,,,,,,,
,,,,,,,,,,,,,,,,,,,,,,,,,
,,,,,,,,,,,,,,,,,,,,,,,,,
,,,,,,,,,,,,,,,,,,,,,,,,,
,,,,,,,,,,,,,,,,,,,,,,,,,
,,,,,,,,,,,,,,,,,,,,,,,,,
,,,,,,,,,,,,,,,,,,,,,,,,,
,,,,,,,,,,,,,,,,,,,,,,,,,
,,,,,,,,,,,,,,,,,,,,,,,,,
,,,,,,,,,,,,,,,,,,,,,,,,,
,,,,,,,,,,,,,,,,,,,,,,,,,
,,,,,,,,,,,,,,,,,,,,,,,,,
,,,,,,,,,,,,,,,,,,,,,,,,,
,,,,,,,,,,,,,,,,,,,,,,,,,
,,,,,,,,,,,,,,,,,,,,,,,,,
,,,,,,,,,,,,,,,,,,,,,,,,,
,,,,,,,,,,,,,,,,,,,,,,,,,
,,,,,,,,,,,,,,,,,,,,,,,,,
,,,,,,,,,,,,,,,,,,,,,,,,,
,,,,,,,,,,,,,,,,,,,,,,,,,
,,,,,,,,,,,,,,,,,,,,,,,,,
,,,,,,,,,,,,,,,,,,,,,,,,,
,,,,,,,,,,,,,,,,,,,,,,,,,
,,,,,,,,,,,,,,,,,,,,,,,,,
,,,,,,,,,,,,,,,,,,,,,,,,,
,,,,,,,,,,,,,,,,,,,,,,,,,
,,,,,,,,,,,,,,,,,,,,,,,,,
,,,,,,,,,,,,,,,,,,,,,,,,,
,,,,,,,,,,,,,,,,,,,,,,,,,
,,,,,,,,,,,,,,,,,,,,,,,,,
,,,,,,,,,,,,,,,,,,,,,,,,,
,,,,,,,,,,,,,,,,,,,,,,,,,
,,,,,,,,,,,,,,,,,,,,,,,,,
,,,,,,,,,,,,,,,,,,,,,,,,,
,,,,,,,,,,,,,,,,,,,,,,,,,
,,,,,,,,,,,,,,,,,,,,,,,,,
,,,,,,,,,,,,,,,,,,,,,,,,,
,,,,,,,,,,,,,,,,,,,,,,,,,
,,,,,,,,,,,,,,,,,,,,,,,,,
,,,,,,,,,,,,,,,,,,,,,,,,,
,,,,,,,,,,,,,,,,,,,,,,,,,
,,,,,,,,,,,,,,,,,,,,,,,,,
,,,,,,,,,,,,,,,,,,,,,,,,,
,,,,,,,,,,,,,,,,,,,,,,,,,
,,,,,,,,,,,,,,,,,,,,,,,,,
,,,,,,,,,,,,,,,,,,,,,,,,,
,,,,,,,,,,,,,,,,,,,,,,,,,
,,,,,,,,,,,,,,,,,,,,,,,,,
,,,,,,,,,,,,,,,,,,,,,,,,,
,,,,,,,,,,,,,,,,,,,,,,,,,
,,,,,,,,,,,,,,,,,,,,,,,,,
,,,,,,,,,,,,,,,,,,,,,,,,,
,,,,,,,,,,,,,,,,,,,,,,,,,
,,,,,,,,,,,,,,,,,,,,,,,,,
,,,,,,,,,,,,,,,,,,,,,,,,,
,,,,,,,,,,,,,,,,,,,,,,,,,
,,,,,,,,,,,,,,,,,,,,,,,,,
,,,,,,,,,,,,,,,,,,,,,,,,,
,,,,,,,,,,,,,,,,,,,,,,,,,
,,,,,,,,,,,,,,,,,,,,,,,,,
,,,,,,,,,,,,,,,,,,,,,,,,,
,,,,,,,,,,,,,,,,,,,,,,,,,
,,,,,,,,,,,,,,,,,,,,,,,,,
,,,,,,,,,,,,,,,,,,,,,,,,,
,,,,,,,,,,,,,,,,,,,,,,,,,
,,,,,,,,,,,,,,,,,,,,,,,,,
,,,,,,,,,,,,,,,,,,,,,,,,,
,,,,,,,,,,,,,,,,,,,,,,,,,
,,,,,,,,,,,,,,,,,,,,,,,,,
,,,,,,,,,,,,,,,,,,,,,,,,,
,,,,,,,,,,,,,,,,,,,,,,,,,
,,,,,,,,,,,,,,,,,,,,,,,,,
,,,,,,,,,,,,,,,,,,,,,,,,,
,,,,,,,,,,,,,,,,,,,,,,,,,
,,,,,,,,,,,,,,,,,,,,,,,,,
,,,,,,,,,,,,,,,,,,,,,,,,,
,,,,,,,,,,,,,,,,,,,,,,,,,
,,,,,,,,,,,,,,,,,,,,,,,,,
,,,,,,,,,,,,,,,,,,,,,,,,,
,,,,,,,,,,,,,,,,,,,,,,,,,
,,,,,,,,,,,,,,,,,,,,,,,,,
,,,,,,,,,,,,,,,,,,,,,,,,,
,,,,,,,,,,,,,,,,,,,,,,,,,
,,,,,,,,,,,,,,,,,,,,,,,,,
,,,,,,,,,,,,,,,,,,,,,,,,,
,,,,,,,,,,,,,,,,,,,,,,,,,
,,,,,,,,,,,,,,,,,,,,,,,,,
,,,,,,,,,,,,,,,,,,,,,,,,,
,,,,,,,,,,,,,,,,,,,,,,,,,
,,,,,,,,,,,,,,,,,,,,,,,,,
,,,,,,,,,,,,,,,,,,,,,,,,,
,,,,,,,,,,,,,,,,,,,,,,,,,
,,,,,,,,,,,,,,,,,,,,,,,,,
,,,,,,,,,,,,,,,,,,,,,,,,,
,,,,,,,,,,,,,,,,,,,,,,,,,
,,,,,,,,,,,,,,,,,,,,,,,,,
,,,,,,,,,,,,,,,,,,,,,,,,,
,,,,,,,,,,,,,,,,,,,,,,,,,
,,,,,,,,,,,,,,,,,,,,,,,,,
,,,,,,,,,,,,,,,,,,,,,,,,,
,,,,,,,,,,,,,,,,,,,,,,,,,
,,,,,,,,,,,,,,,,,,,,,,,,,
,,,,,,,,,,,,,,,,,,,,,,,,,
,,,,,,,,,,,,,,,,,,,,,,,,,
,,,,,,,,,,,,,,,,,,,,,,,,,
,,,,,,,,,,,,,,,,,,,,,,,,,
,,,,,,,,,,,,,,,,,,,,,,,,,
,,,,,,,,,,,,,,,,,,,,,,,,,
,,,,,,,,,,,,,,,,,,,,,,,,,
,,,,,,,,,,,,,,,,,,,,,,,,,
,,,,,,,,,,,,,,,,,,,,,,,,,
,,,,,,,,,,,,,,,,,,,,,,,,,
,,,,,,,,,,,,,,,,,,,,,,,,,
,,,,,,,,,,,,,,,,,,,,,,,,,
,,,,,,,,,,,,,,,,,,,,,,,,,
,,,,,,,,,,,,,,,,,,,,,,,,,
,,,,,,,,,,,,,,,,,,,,,,,,,
,,,,,,,,,,,,,,,,,,,,,,,,,
,,,,,,,,,,,,,,,,,,,,,,,,,
,,,,,,,,,,,,,,,,,,,,,,,,,
,,,,,,,,,,,,,,,,,,,,,,,,,
,,,,,,,,,,,,,,,,,,,,,,,,,
,,,,,,,,,,,,,,,,,,,,,,,,,
,,,,,,,,,,,,,,,,,,,,,,,,,
,,,,,,,,,,,,,,,,,,,,,,,,,
,,,,,,,,,,,,,,,,,,,,,,,,,
,,,,,,,,,,,,,,,,,,,,,,,,,
,,,,,,,,,,,,,,,,,,,,,,,,,
,,,,,,,,,,,,,,,,,,,,,,,,,
,,,,,,,,,,,,,,,,,,,,,,,,,
,,,,,,,,,,,,,,,,,,,,,,,,,
,,,,,,,,,,,,,,,,,,,,,,,,,
,,,,,,,,,,,,,,,,,,,,,,,,,
,,,,,,,,,,,,,,,,,,,,,,,,,
,,,,,,,,,,,,,,,,,,,,,,,,,
,,,,,,,,,,,,,,,,,,,,,,,,,
,,,,,,,,,,,,,,,,,,,,,,,,,
,,,,,,,,,,,,,,,,,,,,,,,,,
,,,,,,,,,,,,,,,,,,,,,,,,,
,,,,,,,,,,,,,,,,,,,,,,,,,
,,,,,,,,,,,,,,,,,,,,,,,,,
,,,,,,,,,,,,,,,,,,,,,,,,,
,,,,,,,,,,,,,,,,,,,,,,,,,
,,,,,,,,,,,,,,,,,,,,,,,,,
,,,,,,,,,,,,,,,,,,,,,,,,,
,,,,,,,,,,,,,,,,,,,,,,,,,
,,,,,,,,,,,,,,,,,,,,,,,,,
,,,,,,,,,,,,,,,,,,,,,,,,,
,,,,,,,,,,,,,,,,,,,,,,,,,
,,,,,,,,,,,,,,,,,,,,,,,,,
,,,,,,,,,,,,,,,,,,,,,,,,,
,,,,,,,,,,,,,,,,,,,,,,,,,
,,,,,,,,,,,,,,,,,,,,,,,,,
,,,,,,,,,,,,,,,,,,,,,,,,,
,,,,,,,,,,,,,,,,,,,,,,,,,
,,,,,,,,,,,,,,,,,,,,,,,,,
,,,,,,,,,,,,,,,,,,,,,,,,,
,,,,,,,,,,,,,,,,,,,,,,,,,
,,,,,,,,,,,,,,,,,,,,,,,,,
,,,,,,,,,,,,,,,,,,,,,,,,,
,,,,,,,,,,,,,,,,,,,,,,,,,
,,,,,,,,,,,,,,,,,,,,,,,,,
,,,,,,,,,,,,,,,,,,,,,,,,,
,,,,,,,,,,,,,,,,,,,,,,,,,
,,,,,,,,,,,,,,,,,,,,,,,,,
,,,,,,,,,,,,,,,,,,,,,,,,,
,,,,,,,,,,,,,,,,,,,,,,,,,
,,,,,,,,,,,,,,,,,,,,,,,,,
,,,,,,,,,,,,,,,,,,,,,,,,,
,,,,,,,,,,,,,,,,,,,,,,,,,
,,,,,,,,,,,,,,,,,,,,,,,,,
,,,,,,,,,,,,,,,,,,,,,,,,,
,,,,,,,,,,,,,,,,,,,,,,,,,
,,,,,,,,,,,,,,,,,,,,,,,,,
,,,,,,,,,,,,,,,,,,,,,,,,,
,,,,,,,,,,,,,,,,,,,,,,,,,
,,,,,,,,,,,,,,,,,,,,,,,,,
,,,,,,,,,,,,,,,,,,,,,,,,,
,,,,,,,,,,,,,,,,,,,,,,,,,
,,,,,,,,,,,,,,,,,,,,,,,,,
,,,,,,,,,,,,,,,,,,,,,,,,,
,,,,,,,,,,,,,,,,,,,,,,,,,
,,,,,,,,,,,,,,,,,,,,,,,,,
,,,,,,,,,,,,,,,,,,,,,,,,,
,,,,,,,,,,,,,,,,,,,,,,,,,
,,,,,,,,,,,,,,,,,,,,,,,,,
,,,,,,,,,,,,,,,,,,,,,,,,,
,,,,,,,,,,,,,,,,,,,,,,,,,
,,,,,,,,,,,,,,,,,,,,,,,,,
,,,,,,,,,,,,,,,,,,,,,,,,,
,,,,,,,,,,,,,,,,,,,,,,,,,
,,,,,,,,,,,,,,,,,,,,,,,,,
,,,,,,,,,,,,,,,,,,,,,,,,,
,,,,,,,,,,,,,,,,,,,,,,,,,
,,,,,,,,,,,,,,,,,,,,,,,,,
,,,,,,,,,,,,,,,,,,,,,,,,,
,,,,,,,,,,,,,,,,,,,,,,,,,
,,,,,,,,,,,,,,,,,,,,,,,,,
,,,,,,,,,,,,,,,,,,,,,,,,,
,,,,,,,,,,,,,,,,,,,,,,,,,
,,,,,,,,,,,,,,,,,,,,,,,,,
,,,,,,,,,,,,,,,,,,,,,,,,,
,,,,,,,,,,,,,,,,,,,,,,,,,
,,,,,,,,,,,,,,,,,,,,,,,,,
,,,,,,,,,,,,,,,,,,,,,,,,,
,,,,,,,,,,,,,,,,,,,,,,,,,
,,,,,,,,,,,,,,,,,,,,,,,,,
,,,,,,,,,,,,,,,,,,,,,,,,,
,,,,,,,,,,,,,,,,,,,,,,,,,
,,,,,,,,,,,,,,,,,,,,,,,,,
,,,,,,,,,,,,,,,,,,,,,,,,,
,,,,,,,,,,,,,,,,,,,,,,,,,
,,,,,,,,,,,,,,,,,,,,,,,,,
,,,,,,,,,,,,,,,,,,,,,,,,,
,,,,,,,,,,,,,,,,,,,,,,,,,
,,,,,,,,,,,,,,,,,,,,,,,,,
,,,,,,,,,,,,,,,,,,,,,,,,,
,,,,,,,,,,,,,,,,,,,,,,,,,
,,,,,,,,,,,,,,,,,,,,,,,,,
,,,,,,,,,,,,,,,,,,,,,,,,,
,,,,,,,,,,,,,,,,,,,,,,,,,
,,,,,,,,,,,,,,,,,,,,,,,,,
,,,,,,,,,,,,,,,,,,,,,,,,,
,,,,,,,,,,,,,,,,,,,,,,,,,
,,,,,,,,,,,,,,,,,,,,,,,,,
,,,,,,,,,,,,,,,,,,,,,,,,,
,,,,,,,,,,,,,,,,,,,,,,,,,
,,,,,,,,,,,,,,,,,,,,,,,,,
,,,,,,,,,,,,,,,,,,,,,,,,,
,,,,,,,,,,,,,,,,,,,,,,,,,
,,,,,,,,,,,,,,,,,,,,,,,,,
,,,,,,,,,,,,,,,,,,,,,,,,,
,,,,,,,,,,,,,,,,,,,,,,,,,
,,,,,,,,,,,,,,,,,,,,,,,,,
,,,,,,,,,,,,,,,,,,,,,,,,,
,,,,,,,,,,,,,,,,,,,,,,,,,
,,,,,,,,,,,,,,,,,,,,,,,,,
,,,,,,,,,,,,,,,,,,,,,,,,,
,,,,,,,,,,,,,,,,,,,,,,,,,
,,,,,,,,,,,,,,,,,,,,,,,,,
,,,,,,,,,,,,,,,,,,,,,,,,,
,,,,,,,,,,,,,,,,,,,,,,,,,
,,,,,,,,,,,,,,,,,,,,,,,,,
,,,,,,,,,,,,,,,,,,,,,,,,,
,,,,,,,,,,,,,,,,,,,,,,,,,
,,,,,,,,,,,,,,,,,,,,,,,,,
,,,,,,,,,,,,,,,,,,,,,,,,,
,,,,,,,,,,,,,,,,,,,,,,,,,
,,,,,,,,,,,,,,,,,,,,,,,,,
,,,,,,,,,,,,,,,,,,,,,,,,,
,,,,,,,,,,,,,,,,,,,,,,,,,
,,,,,,,,,,,,,,,,,,,,,,,,,
,,,,,,,,,,,,,,,,,,,,,,,,,
,,,,,,,,,,,,,,,,,,,,,,,,,
,,,,,,,,,,,,,,,,,,,,,,,,,
,,,,,,,,,,,,,,,,,,,,,,,,,
,,,,,,,,,,,,,,,,,,,,,,,,,
,,,,,,,,,,,,,,,,,,,,,,,,,
,,,,,,,,,,,,,,,,,,,,,,,,,
,,,,,,,,,,,,,,,,,,,,,,,,,
,,,,,,,,,,,,,,,,,,,,,,,,,
,,,,,,,,,,,,,,,,,,,,,,,,,
,,,,,,,,,,,,,,,,,,,,,,,,,
,,,,,,,,,,,,,,,,,,,,,,,,,
,,,,,,,,,,,,,,,,,,,,,,,,,
,,,,,,,,,,,,,,,,,,,,,,,,,
,,,,,,,,,,,,,,,,,,,,,,,,,
,,,,,,,,,,,,,,,,,,,,,,,,,
,,,,,,,,,,,,,,,,,,,,,,,,,
,,,,,,,,,,,,,,,,,,,,,,,,,
,,,,,,,,,,,,,,,,,,,,,,,,,
,,,,,,,,,,,,,,,,,,,,,,,,,
,,,,,,,,,,,,,,,,,,,,,,,,,
,,,,,,,,,,,,,,,,,,,,,,,,,
,,,,,,,,,,,,,,,,,,,,,,,,,
,,,,,,,,,,,,,,,,,,,,,,,,,
,,,,,,,,,,,,,,,,,,,,,,,,,
,,,,,,,,,,,,,,,,,,,,,,,,,
,,,,,,,,,,,,,,,,,,,,,,,,,
,,,,,,,,,,,,,,,,,,,,,,,,,
,,,,,,,,,,,,,,,,,,,,,,,,,
,,,,,,,,,,,,,,,,,,,,,,,,,
,,,,,,,,,,,,,,,,,,,,,,,,,
,,,,,,,,,,,,,,,,,,,,,,,,,
,,,,,,,,,,,,,,,,,,,,,,,,,
,,,,,,,,,,,,,,,,,,,,,,,,,
,,,,,,,,,,,,,,,,,,,,,,,,,
,,,,,,,,,,,,,,,,,,,,,,,,,
,,,,,,,,,,,,,,,,,,,,,,,,,
,,,,,,,,,,,,,,,,,,,,,,,,,
,,,,,,,,,,,,,,,,,,,,,,,,,
,,,,,,,,,,,,,,,,,,,,,,,,,
,,,,,,,,,,,,,,,,,,,,,,,,,
,,,,,,,,,,,,,,,,,,,,,,,,,
,,,,,,,,,,,,,,,,,,,,,,,,,
,,,,,,,,,,,,,,,,,,,,,,,,,
,,,,,,,,,,,,,,,,,,,,,,,,,
,,,,,,,,,,,,,,,,,,,,,,,,,
,,,,,,,,,,,,,,,,,,,,,,,,,
,,,,,,,,,,,,,,,,,,,,,,,,,
,,,,,,,,,,,,,,,,,,,,,,,,,
,,,,,,,,,,,,,,,,,,,,,,,,,
,,,,,,,,,,,,,,,,,,,,,,,,,
,,,,,,,,,,,,,,,,,,,,,,,,,
,,,,,,,,,,,,,,,,,,,,,,,,,
,,,,,,,,,,,,,,,,,,,,,,,,,
,,,,,,,,,,,,,,,,,,,,,,,,,
,,,,,,,,,,,,,,,,,,,,,,,,,
,,,,,,,,,,,,,,,,,,,,,,,,,
,,,,,,,,,,,,,,,,,,,,,,,,,
,,,,,,,,,,,,,,,,,,,,,,,,,
,,,,,,,,,,,,,,,,,,,,,,,,,
,,,,,,,,,,,,,,,,,,,,,,,,,
,,,,,,,,,,,,,,,,,,,,,,,,,
,,,,,,,,,,,,,,,,,,,,,,,,,
,,,,,,,,,,,,,,,,,,,,,,,,,
,,,,,,,,,,,,,,,,,,,,,,,,,
,,,,,,,,,,,,,,,,,,,,,,,,,
,,,,,,,,,,,,,,,,,,,,,,,,,
,,,,,,,,,,,,,,,,,,,,,,,,,
,,,,,,,,,,,,,,,,,,,,,,,,,
,,,,,,,,,,,,,,,,,,,,,,,,,
,,,,,,,,,,,,,,,,,,,,,,,,,
,,,,,,,,,,,,,,,,,,,,,,,,,
,,,,,,,,,,,,,,,,,,,,,,,,,
,,,,,,,,,,,,,,,,,,,,,,,,,
,,,,,,,,,,,,,,,,,,,,,,,,,
,,,,,,,,,,,,,,,,,,,,,,,,,
,,,,,,,,,,,,,,,,,,,,,,,,,
,,,,,,,,,,,,,,,,,,,,,,,,,
,,,,,,,,,,,,,,,,,,,,,,,,,
,,,,,,,,,,,,,,,,,,,,,,,,,
,,,,,,,,,,,,,,,,,,,,,,,,,
,,,,,,,,,,,,,,,,,,,,,,,,,
,,,,,,,,,,,,,,,,,,,,,,,,,
,,,,,,,,,,,,,,,,,,,,,,,,,
,,,,,,,,,,,,,,,,,,,,,,,,,
,,,,,,,,,,,,,,,,,,,,,,,,,
,,,,,,,,,,,,,,,,,,,,,,,,,
,,,,,,,,,,,,,,,,,,,,,,,,,
,,,,,,,,,,,,,,,,,,,,,,,,,
,,,,,,,,,,,,,,,,,,,,,,,,,
,,,,,,,,,,,,,,,,,,,,,,,,,
,,,,,,,,,,,,,,,,,,,,,,,,,
,,,,,,,,,,,,,,,,,,,,,,,,,
,,,,,,,,,,,,,,,,,,,,,,,,,
,,,,,,,,,,,,,,,,,,,,,,,,,
,,,,,,,,,,,,,,,,,,,,,,,,,
,,,,,,,,,,,,,,,,,,,,,,,,,
,,,,,,,,,,,,,,,,,,,,,,,,,
,,,,,,,,,,,,,,,,,,,,,,,,,
,,,,,,,,,,,,,,,,,,,,,,,,,
,,,,,,,,,,,,,,,,,,,,,,,,,
,,,,,,,,,,,,,,,,,,,,,,,,,
,,,,,,,,,,,,,,,,,,,,,,,,,
,,,,,,,,,,,,,,,,,,,,,,,,,
,,,,,,,,,,,,,,,,,,,,,,,,,
,,,,,,,,,,,,,,,,,,,,,,,,,
,,,,,,,,,,,,,,,,,,,,,,,,,
,,,,,,,,,,,,,,,,,,,,,,,,,
,,,,,,,,,,,,,,,,,,,,,,,,,
,,,,,,,,,,,,,,,,,,,,,,,,,
,,,,,,,,,,,,,,,,,,,,,,,,,
,,,,,,,,,,,,,,,,,,,,,,,,,
,,,,,,,,,,,,,,,,,,,,,,,,,
,,,,,,,,,,,,,,,,,,,,,,,,,
,,,,,,,,,,,,,,,,,,,,,,,,,
,,,,,,,,,,,,,,,,,,,,,,,,,
,,,,,,,,,,,,,,,,,,,,,,,,,
,,,,,,,,,,,,,,,,,,,,,,,,,
,,,,,,,,,,,,,,,,,,,,,,,,,
,,,,,,,,,,,,,,,,,,,,,,,,,
,,,,,,,,,,,,,,,,,,,,,,,,,
,,,,,,,,,,,,,,,,,,,,,,,,,
,,,,,,,,,,,,,,,,,,,,,,,,,
,,,,,,,,,,,,,,,,,,,,,,,,,
,,,,,,,,,,,,,,,,,,,,,,,,,
,,,,,,,,,,,,,,,,,,,,,,,,,
,,,,,,,,,,,,,,,,,,,,,,,,,
,,,,,,,,,,,,,,,,,,,,,,,,,
,,,,,,,,,,,,,,,,,,,,,,,,,
,,,,,,,,,,,,,,,,,,,,,,,,,
,,,,,,,,,,,,,,,,,,,,,,,,,
,,,,,,,,,,,,,,,,,,,,,,,,,
,,,,,,,,,,,,,,,,,,,,,,,,,
,,,,,,,,,,,,,,,,,,,,,,,,,
,,,,,,,,,,,,,,,,,,,,,,,,,
,,,,,,,,,,,,,,,,,,,,,,,,,
,,,,,,,,,,,,,,,,,,,,,,,,,
,,,,,,,,,,,,,,,,,,,,,,,,,
,,,,,,,,,,,,,,,,,,,,,,,,,
,,,,,,,,,,,,,,,,,,,,,,,,,
,,,,,,,,,,,,,,,,,,,,,,,,,
,,,,,,,,,,,,,,,,,,,,,,,,,
,,,,,,,,,,,,,,,,,,,,,,,,,
,,,,,,,,,,,,,,,,,,,,,,,,,
,,,,,,,,,,,,,,,,,,,,,,,,,
,,,,,,,,,,,,,,,,,,,,,,,,,
,,,,,,,,,,,,,,,,,,,,,,,,,
,,,,,,,,,,,,,,,,,,,,,,,,,
,,,,,,,,,,,,,,,,,,,,,,,,,
,,,,,,,,,,,,,,,,,,,,,,,,,
,,,,,,,,,,,,,,,,,,,,,,,,,
,,,,,,,,,,,,,,,,,,,,,,,,,
,,,,,,,,,,,,,,,,,,,,,,,,,
,,,,,,,,,,,,,,,,,,,,,,,,,
,,,,,,,,,,,,,,,,,,,,,,,,,
,,,,,,,,,,,,,,,,,,,,,,,,,
,,,,,,,,,,,,,,,,,,,,,,,,,
,,,,,,,,,,,,,,,,,,,,,,,,,
,,,,,,,,,,,,,,,,,,,,,,,,,
,,,,,,,,,,,,,,,,,,,,,,,,,
,,,,,,,,,,,,,,,,,,,,,,,,,
,,,,,,,,,,,,,,,,,,,,,,,,,
,,,,,,,,,,,,,,,,,,,,,,,,,
,,,,,,,,,,,,,,,,,,,,,,,,,
,,,,,,,,,,,,,,,,,,,,,,,,,
,,,,,,,,,,,,,,,,,,,,,,,,,
,,,,,,,,,,,,,,,,,,,,,,,,,
,,,,,,,,,,,,,,,,,,,,,,,,,
,,,,,,,,,,,,,,,,,,,,,,,,,
,,,,,,,,,,,,,,,,,,,,,,,,,
,,,,,,,,,,,,,,,,,,,,,,,,,
,,,,,,,,,,,,,,,,,,,,,,,,,
,,,,,,,,,,,,,,,,,,,,,,,,,
,,,,,,,,,,,,,,,,,,,,,,,,,
,,,,,,,,,,,,,,,,,,,,,,,,,
,,,,,,,,,,,,,,,,,,,,,,,,,
,,,,,,,,,,,,,,,,,,,,,,,,,
,,,,,,,,,,,,,,,,,,,,,,,,,
,,,,,,,,,,,,,,,,,,,,,,,,,
,,,,,,,,,,,,,,,,,,,,,,,,,
,,,,,,,,,,,,,,,,,,,,,,,,,
,,,,,,,,,,,,,,,,,,,,,,,,,
,,,,,,,,,,,,,,,,,,,,,,,,,
,,,,,,,,,,,,,,,,,,,,,,,,,
,,,,,,,,,,,,,,,,,,,,,,,,,
,,,,,,,,,,,,,,,,,,,,,,,,,
,,,,,,,,,,,,,,,,,,,,,,,,,
,,,,,,,,,,,,,,,,,,,,,,,,,
,,,,,,,,,,,,,,,,,,,,,,,,,
,,,,,,,,,,,,,,,,,,,,,,,,,
,,,,,,,,,,,,,,,,,,,,,,,,,
,,,,,,,,,,,,,,,,,,,,,,,,,
,,,,,,,,,,,,,,,,,,,,,,,,,
,,,,,,,,,,,,,,,,,,,,,,,,,
,,,,,,,,,,,,,,,,,,,,,,,,,
,,,,,,,,,,,,,,,,,,,,,,,,,
,,,,,,,,,,,,,,,,,,,,,,,,,
,,,,,,,,,,,,,,,,,,,,,,,,,
,,,,,,,,,,,,,,,,,,,,,,,,,
,,,,,,,,,,,,,,,,,,,,,,,,,
,,,,,,,,,,,,,,,,,,,,,,,,,
,,,,,,,,,,,,,,,,,,,,,,,,,
,,,,,,,,,,,,,,,,,,,,,,,,,
,,,,,,,,,,,,,,,,,,,,,,,,,
,,,,,,,,,,,,,,,,,,,,,,,,,
,,,,,,,,,,,,,,,,,,,,,,,,,
,,,,,,,,,,,,,,,,,,,,,,,,,
,,,,,,,,,,,,,,,,,,,,,,,,,
,,,,,,,,,,,,,,,,,,,,,,,,,
,,,,,,,,,,,,,,,,,,,,,,,,,
,,,,,,,,,,,,,,,,,,,,,,,,,
,,,,,,,,,,,,,,,,,,,,,,,,,
,,,,,,,,,,,,,,,,,,,,,,,,,
,,,,,,,,,,,,,,,,,,,,,,,,,
,,,,,,,,,,,,,,,,,,,,,,,,,
,,,,,,,,,,,,,,,,,,,,,,,,,
,,,,,,,,,,,,,,,,,,,,,,,,,
,,,,,,,,,,,,,,,,,,,,,,,,,
,,,,,,,,,,,,,,,,,,,,,,,,,
,,,,,,,,,,,,,,,,,,,,,,,,,
,,,,,,,,,,,,,,,,,,,,,,,,,
,,,,,,,,,,,,,,,,,,,,,,,,,
,,,,,,,,,,,,,,,,,,,,,,,,,
,,,,,,,,,,,,,,,,,,,,,,,,,
,,,,,,,,,,,,,,,,,,,,,,,,,
,,,,,,,,,,,,,,,,,,,,,,,,,
,,,,,,,,,,,,,,,,,,,,,,,,,
,,,,,,,,,,,,,,,,,,,,,,,,,
,,,,,,,,,,,,,,,,,,,,,,,,,
,,,,,,,,,,,,,,,,,,,,,,,,,
,,,,,,,,,,,,,,,,,,,,,,,,,
,,,,,,,,,,,,,,,,,,,,,,,,,
,,,,,,,,,,,,,,,,,,,,,,,,,
,,,,,,,,,,,,,,,,,,,,,,,,,
,,,,,,,,,,,,,,,,,,,,,,,,,
,,,,,,,,,,,,,,,,,,,,,,,,,
,,,,,,,,,,,,,,,,,,,,,,,,,
,,,,,,,,,,,,,,,,,,,,,,,,,
,,,,,,,,,,,,,,,,,,,,,,,,,
,,,,,,,,,,,,,,,,,,,,,,,,,
,,,,,,,,,,,,,,,,,,,,,,,,,
,,,,,,,,,,,,,,,,,,,,,,,,,
,,,,,,,,,,,,,,,,,,,,,,,,,
,,,,,,,,,,,,,,,,,,,,,,,,,
,,,,,,,,,,,,,,,,,,,,,,,,,
,,,,,,,,,,,,,,,,,,,,,,,,,
,,,,,,,,,,,,,,,,,,,,,,,,,
,,,,,,,,,,,,,,,,,,,,,,,,,
,,,,,,,,,,,,,,,,,,,,,,,,,
,,,,,,,,,,,,,,,,,,,,,,,,,
,,,,,,,,,,,,,,,,,,,,,,,,,
,,,,,,,,,,,,,,,,,,,,,,,,,
,,,,,,,,,,,,,,,,,,,,,,,,,
,,,,,,,,,,,,,,,,,,,,,,,,,
,,,,,,,,,,,,,,,,,,,,,,,,,
,,,,,,,,,,,,,,,,,,,,,,,,,
,,,,,,,,,,,,,,,,,,,,,,,,,
,,,,,,,,,,,,,,,,,,,,,,,,,
,,,,,,,,,,,,,,,,,,,,,,,,,
,,,,,,,,,,,,,,,,,,,,,,,,,
,,,,,,,,,,,,,,,,,,,,,,,,,
,,,,,,,,,,,,,,,,,,,,,,,,,
,,,,,,,,,,,,,,,,,,,,,,,,,
,,,,,,,,,,,,,,,,,,,,,,,,,
,,,,,,,,,,,,,,,,,,,,,,,,,
,,,,,,,,,,,,,,,,,,,,,,,,,
,,,,,,,,,,,,,,,,,,,,,,,,,
,,,,,,,,,,,,,,,,,,,,,,,,,
,,,,,,,,,,,,,,,,,,,,,,,,,
,,,,,,,,,,,,,,,,,,,,,,,,,
,,,,,,,,,,,,,,,,,,,,,,,,,
,,,,,,,,,,,,,,,,,,,,,,,,,
,,,,,,,,,,,,,,,,,,,,,,,,,
,,,,,,,,,,,,,,,,,,,,,,,,,
,,,,,,,,,,,,,,,,,,,,,,,,,
,,,,,,,,,,,,,,,,,,,,,,,,,
,,,,,,,,,,,,,,,,,,,,,,,,,
,,,,,,,,,,,,,,,,,,,,,,,,,
,,,,,,,,,,,,,,,,,,,,,,,,,
,,,,,,,,,,,,,,,,,,,,,,,,,
,,,,,,,,,,,,,,,,,,,,,,,,,
,,,,,,,,,,,,,,,,,,,,,,,,,
,,,,,,,,,,,,,,,,,,,,,,,,,
,,,,,,,,,,,,,,,,,,,,,,,,,
,,,,,,,,,,,,,,,,,,,,,,,,,
,,,,,,,,,,,,,,,,,,,,,,,,,
,,,,,,,,,,,,,,,,,,,,,,,,,
,,,,,,,,,,,,,,,,,,,,,,,,,
,,,,,,,,,,,,,,,,,,,,,,,,,
,,,,,,,,,,,,,,,,,,,,,,,,,
,,,,,,,,,,,,,,,,,,,,,,,,,
,,,,,,,,,,,,,,,,,,,,,,,,,
,,,,,,,,,,,,,,,,,,,,,,,,,
,,,,,,,,,,,,,,,,,,,,,,,,,
,,,,,,,,,,,,,,,,,,,,,,,,,
,,,,,,,,,,,,,,,,,,,,,,,,,
,,,,,,,,,,,,,,,,,,,,,,,,,
,,,,,,,,,,,,,,,,,,,,,,,,,
,,,,,,,,,,,,,,,,,,,,,,,,,
,,,,,,,,,,,,,,,,,,,,,,,,,
,,,,,,,,,,,,,,,,,,,,,,,,,
,,,,,,,,,,,,,,,,,,,,,,,,,
,,,,,,,,,,,,,,,,,,,,,,,,,
,,,,,,,,,,,,,,,,,,,,,,,,,
,,,,,,,,,,,,,,,,,,,,,,,,,
,,,,,,,,,,,,,,,,,,,,,,,,,
,,,,,,,,,,,,,,,,,,,,,,,,,
,,,,,,,,,,,,,,,,,,,,,,,,,
,,,,,,,,,,,,,,,,,,,,,,,,,
,,,,,,,,,,,,,,,,,,,,,,,,,
,,,,,,,,,,,,,,,,,,,,,,,,,
,,,,,,,,,,,,,,,,,,,,,,,,,
,,,,,,,,,,,,,,,,,,,,,,,,,
,,,,,,,,,,,,,,,,,,,,,,,,,
,,,,,,,,,,,,,,,,,,,,,,,,,
,,,,,,,,,,,,,,,,,,,,,,,,,
,,,,,,,,,,,,,,,,,,,,,,,,,
,,,,,,,,,,,,,,,,,,,,,,,,,
,,,,,,,,,,,,,,,,,,,,,,,,,
,,,,,,,,,,,,,,,,,,,,,,,,,
